date,temp_mean,temp_max,temp_min,humidity,wind_speed,precipitation,pressure
2016-01-01,18.64,27.08,12.77,73.06,3.1,0.0,92.32
2016-01-02,18.66,27.86,12.14,66.01,2.45,0.0,92.36
2016-01-03,18.55,28.2,10.54,66.4,2.36,0.0,92.24
2016-01-04,18.79,28.14,12.2,65.92,2.59,0.0,92.21
2016-01-05,18.47,27.81,11.41,66.78,2.08,0.0,92.16
2016-01-06,19.44,28.77,12.03,65.47,1.68,0.0,92.13
2016-01-07,19.53,28.35,13.77,67.13,2.13,0.0,92.18
2016-01-08,19.18,27.41,13.63,65.19,2.05,0.0,92.22
2016-01-09,19.34,28.64,12.77,64.18,2.18,0.0,92.04
2016-01-10,19.11,28.51,11.81,62.88,1.85,0.0,92.11
2016-01-11,19.1,28.07,11.4,63.45,2.13,0.0,92.14
2016-01-12,19.43,28.89,11.55,65.35,1.91,0.0,91.99
2016-01-13,19.15,28.24,11.96,68.22,1.6,0.0,91.95
2016-01-14,19.41,29.07,11.72,65.25,1.87,0.0,91.95
2016-01-15,20.11,28.21,14.28,69.49,2.05,0.0,91.89
2016-01-16,21.11,28.96,14.36,66.97,1.42,0.0,91.83
2016-01-17,20.78,28.31,15.3,70.35,2.07,0.0,91.82
2016-01-18,21.33,28.75,15.03,69.44,1.87,0.0,91.78
2016-01-19,22.57,29.45,17.26,71.07,2.02,0.2122651040554046,91.78
2016-01-20,22.54,28.54,18.22,75.56,1.77,0.1440111994743347,91.88
2016-01-21,22.83,29.31,18.45,75.45,1.67,4.497172832489014,91.96
2016-01-22,21.66,27.43,18.32,73.08,2.77,0.0,92.04
2016-01-23,22.49,30.08,16.83,73.83,3.06,0.0,92.08
2016-01-24,23.28,30.28,17.79,70.39,2.42,0.0,92.12
2016-01-25,23.72,30.63,17.9,68.87,2.05,0.0,92.02
2016-01-26,23.64,30.49,18.24,69.08,1.81,0.0,91.96
2016-01-27,23.23,31.67,17.61,64.6,2.04,0.0,91.97
2016-01-28,22.66,31.96,16.42,62.43,1.8,0.0,92.0
2016-01-29,22.09,32.08,14.19,61.31,2.35,0.0,92.07
2016-01-30,21.57,31.42,14.53,61.01,2.34,0.0,92.08
2016-01-31,21.36,32.12,13.27,55.89,2.67,0.0,92.04
2016-02-01,21.17,32.39,11.76,48.78,2.46,0.0,92.03
2016-02-02,21.61,32.72,13.2,51.07,2.37,0.0,92.07
2016-02-03,21.74,31.82,13.85,50.12,2.31,0.0,91.98
2016-02-04,21.87,31.94,13.46,54.49,2.82,0.0,91.98
2016-02-05,21.67,31.15,13.45,58.02,2.12,0.0,91.95
2016-02-06,22.63,32.05,14.84,60.89,2.39,0.0,91.84
2016-02-07,24.23,32.54,17.27,63.35,1.61,0.0,91.95
2016-02-08,24.94,33.49,17.31,59.49,2.17,0.0,91.91
2016-02-09,24.35,33.22,17.47,55.08,2.06,0.0,91.9
2016-02-10,24.12,32.92,15.67,54.64,1.66,0.0,91.87
2016-02-11,25.06,32.69,17.12,55.03,1.8,0.0,91.82
2016-02-12,25.33,33.16,18.14,50.29,2.5,0.0,91.81
2016-02-13,24.79,33.21,16.93,52.15,2.08,0.0,91.84
2016-02-14,24.24,33.18,17.68,52.25,3.39,0.0,91.87
2016-02-15,23.4,33.03,14.67,54.95,3.17,0.0,91.96
2016-02-16,24.4,33.93,17.37,54.41,3.44,0.0,92.0
2016-02-17,23.77,32.64,15.34,54.95,3.86,0.0,92.02
2016-02-18,24.24,32.41,18.08,55.44,4.17,0.0,92.02
2016-02-19,24.3,33.86,15.19,48.32,3.11,0.0,92.11
2016-02-20,26.09,36.23,17.1,52.73,2.09,0.0,92.06
2016-02-21,26.94,36.21,19.64,50.4,1.79,0.0,91.98
2016-02-22,26.83,36.74,18.6,47.4,2.39,0.0,92.04
2016-02-23,26.13,37.06,16.88,44.39,2.25,0.0,91.94
2016-02-24,26.02,36.01,17.28,46.93,2.01,0.0,91.86
2016-02-25,26.99,36.68,17.56,44.89,2.5,0.0,91.9
2016-02-26,26.42,35.11,20.44,54.53,3.69,0.0,92.03
2016-02-27,24.43,32.66,18.24,53.73,3.54,0.0,92.14
2016-02-28,25.71,33.85,19.52,55.52,3.46,0.0,92.23
2016-02-29,25.52,34.52,18.96,53.64,3.58,0.0,92.19
2016-03-01,25.35,33.64,18.78,54.72,3.26,0.0,92.03
2016-03-02,23.98,30.33,19.61,55.39,3.12,0.0,92.07
2016-03-03,25.53,34.21,17.69,49.89,3.54,0.0,92.1
2016-03-04,25.53,34.53,18.04,42.16,2.72,0.0,91.98
2016-03-05,25.79,34.7,17.92,44.76,2.8,0.0,91.88
2016-03-06,26.02,35.97,18.85,46.12,2.73,0.0,91.82
2016-03-07,26.32,36.0,18.58,46.35,2.72,0.0,91.79
2016-03-08,26.67,36.64,18.08,45.6,2.08,0.0,91.74
2016-03-09,25.98,32.65,19.53,45.07,2.24,0.0,91.84
2016-03-10,25.81,33.04,19.17,48.91,1.98,0.0,91.89
2016-03-11,27.53,37.35,18.49,41.14,1.96,0.0,91.88
2016-03-12,27.96,36.51,19.68,45.73,2.47,0.0,91.83
2016-03-13,28.49,34.55,22.72,44.14,1.63,0.0,91.84
2016-03-14,28.93,35.15,22.66,44.95,1.94,0.1067456007003784,91.85
2016-03-15,26.82,32.47,22.51,58.65,2.27,0.0,91.86
2016-03-16,27.19,34.68,20.09,58.88,1.34,44.9711799621582,91.79
2016-03-17,26.98,33.66,20.41,60.24,1.78,3.098695993423462,91.85
2016-03-18,27.75,35.57,20.54,51.19,1.96,0.0,91.81
2016-03-19,27.71,35.71,19.4,47.4,1.55,0.0,91.8
2016-03-20,28.24,36.6,18.86,42.22,2.0,0.0,91.81
2016-03-21,29.03,37.5,20.52,37.9,1.8,0.0,91.75
2016-03-22,29.19,37.61,21.5,36.41,1.59,0.0,91.62
2016-03-23,29.97,37.23,21.95,39.63,1.79,0.0,91.67
2016-03-24,30.06,37.49,22.26,37.99,2.92,0.0,91.87
2016-03-25,28.36,37.47,20.86,34.58,2.49,0.0,91.99
2016-03-26,27.49,37.56,18.33,40.26,2.77,0.0,91.97
2016-03-27,27.06,37.49,17.2,38.5,2.19,0.0,91.92
2016-03-28,27.77,37.22,18.72,45.37,2.26,0.0,91.93
2016-03-29,28.33,36.81,21.13,49.31,2.62,0.0,91.96
2016-03-30,28.69,37.5,21.16,45.49,2.7,0.0,91.95
2016-03-31,28.24,35.79,20.19,45.6,1.88,0.0,91.86
2016-04-01,29.12,37.21,20.59,38.8,2.61,0.0,91.7
2016-04-02,29.78,38.28,21.33,36.73,3.01,0.0,91.76
2016-04-03,29.85,38.03,21.53,34.73,2.56,0.0,91.87
2016-04-04,29.57,38.23,21.24,32.5,3.12,0.0,91.76
2016-04-05,28.94,37.91,20.07,32.56,2.14,0.0,91.68
2016-04-06,29.81,37.61,21.1,40.81,1.97,0.0,91.72
2016-04-07,30.98,38.11,23.16,43.32,2.48,0.0,91.66
2016-04-08,30.21,36.3,23.77,46.89,2.62,1.3537567853927612,91.67
2016-04-09,28.72,33.59,23.76,51.01,2.62,0.1724186837673187,91.79
2016-04-10,29.97,36.93,23.03,43.85,1.83,0.0,91.83
2016-04-11,31.3,38.59,23.1,38.34,2.17,0.0,91.73
2016-04-12,31.79,39.78,23.8,35.93,2.34,0.0,91.58
2016-04-13,31.98,38.6,24.84,39.39,2.16,0.0,91.47
2016-04-14,32.86,39.01,25.85,36.54,2.35,0.0,91.46
2016-04-15,32.67,39.5,26.85,40.31,3.06,0.0,91.63
2016-04-16,32.08,39.53,25.4,39.03,3.09,0.0,91.62
2016-04-17,32.38,40.36,24.95,37.08,3.07,0.0,91.54
2016-04-18,31.21,39.86,22.99,38.94,3.2,0.0,91.56
2016-04-19,31.37,39.53,23.83,43.79,2.6,0.0,91.63
2016-04-20,31.88,39.27,24.58,42.48,2.41,0.0,91.75
2016-04-21,32.65,39.76,24.67,34.7,1.74,0.0,91.63
2016-04-22,32.52,39.11,25.5,39.29,2.42,0.0,91.6
2016-04-23,32.42,39.38,25.53,31.69,2.06,0.0,91.43
2016-04-24,32.44,40.38,24.21,26.51,2.16,0.0,91.32
2016-04-25,32.44,38.96,26.03,36.88,1.54,0.0,91.44
2016-04-26,30.94,36.37,25.89,44.75,2.97,5.183706283569336,91.65
2016-04-27,28.89,34.85,22.48,43.03,2.07,0.0,91.63
2016-04-28,28.86,35.08,23.53,43.09,1.97,0.0,91.63
2016-04-29,30.43,38.73,22.36,34.64,2.92,0.0,91.65
2016-04-30,30.52,38.98,22.63,32.66,2.57,0.0,91.66
2016-05-01,31.42,39.32,23.05,37.61,2.31,0.0,91.6
2016-05-02,31.54,38.44,24.48,38.12,2.24,0.0,91.62
2016-05-03,32.38,38.56,26.5,33.95,2.06,0.0,91.54
2016-05-04,31.03,37.21,24.85,38.4,2.18,0.0,91.58
2016-05-05,30.36,35.8,24.68,43.56,1.54,0.0,91.64
2016-05-06,27.88,32.09,24.36,58.02,1.04,1.538892149925232,91.67
2016-05-07,26.42,31.59,22.27,70.01,1.5,31.53587532043457,91.66
2016-05-08,25.92,30.98,22.27,72.61,1.56,7.31310510635376,91.74
2016-05-09,27.52,34.07,21.7,60.65,1.9,4.688486099243164,91.68
2016-05-10,26.82,32.41,22.09,63.13,2.07,0.0,91.72
2016-05-11,26.29,32.38,21.21,60.48,1.33,0.0,91.69
2016-05-12,27.43,34.8,20.99,57.22,1.63,0.0,91.49
2016-05-13,28.91,36.11,21.64,58.24,1.17,0.5589163899421692,91.46
2016-05-14,28.97,36.1,22.19,56.97,2.42,0.0,91.54
2016-05-15,28.23,35.77,21.95,54.25,2.39,0.2583730816841125,91.58
2016-05-16,26.42,33.14,20.7,57.77,1.74,0.0,91.4
2016-05-17,26.12,32.89,20.71,59.72,1.98,0.0,91.23
2016-05-18,24.65,28.47,21.53,75.04,3.48,0.1959951817989349,91.17
2016-05-19,24.19,27.41,21.94,84.32,3.89,34.79999542236328,91.26
2016-05-20,25.29,30.55,21.29,74.2,4.51,39.00693130493164,91.34
2016-05-21,25.42,30.35,21.59,70.94,3.98,0.0,91.5
2016-05-22,25.89,32.23,21.78,67.03,3.84,0.0,91.63
2016-05-23,27.92,35.87,21.36,63.41,3.87,0.0,91.6
2016-05-24,28.19,36.01,21.67,61.68,3.95,0.0,91.57
2016-05-25,27.9,35.52,21.47,62.31,3.73,0.5126978754997253,91.51
2016-05-26,27.34,34.27,22.44,65.37,3.79,0.0,91.54
2016-05-27,27.73,34.4,21.69,61.71,2.48,0.0,91.58
2016-05-28,24.31,27.98,21.74,74.11,2.61,4.098647594451904,91.65
2016-05-29,26.07,31.91,21.67,70.28,3.25,12.166189193725586,91.55
2016-05-30,26.13,32.84,21.1,69.54,2.86,0.0,91.49
2016-05-31,26.94,33.16,21.66,65.46,2.07,1.957345485687256,91.58
2016-06-01,24.24,27.68,21.58,79.49,2.23,1.1106393337249756,91.63
2016-06-02,24.21,28.66,21.31,80.9,2.38,68.93694305419922,91.56
2016-06-03,25.87,31.8,20.55,72.6,1.71,0.0,91.45
2016-06-04,25.6,30.51,21.13,73.63,3.29,17.342021942138672,91.48
2016-06-05,25.78,32.32,20.65,71.08,3.22,1.0604243278503418,91.46
2016-06-06,25.17,29.83,22.06,78.04,2.99,1.769476056098938,91.49
2016-06-07,25.02,30.06,21.04,77.78,2.79,47.30704116821289,91.51
2016-06-08,24.42,29.35,20.74,79.15,3.14,0.0,91.53
2016-06-09,24.04,30.79,18.71,73.54,4.14,6.560503959655762,91.55
2016-06-10,24.14,30.33,19.25,75.54,5.01,0.0,91.52
2016-06-11,24.42,31.23,19.53,72.23,4.98,1.670120358467102,91.63
2016-06-12,23.46,29.81,19.68,72.34,4.61,0.8362952470779419,91.66
2016-06-13,23.2,30.05,18.67,66.61,5.13,0.5999575257301331,91.68
2016-06-14,23.95,31.3,18.25,70.88,4.41,14.7625732421875,91.61
2016-06-15,24.54,31.01,19.77,70.3,4.81,1.0328397750854492,91.47
2016-06-16,23.93,28.58,20.02,75.88,3.51,7.961456298828125,91.38
2016-06-17,24.64,30.05,20.19,71.74,3.55,5.345860958099365,91.3
2016-06-18,23.68,27.94,20.37,77.01,3.87,0.0,91.36
2016-06-19,23.55,28.69,19.86,76.38,3.18,0.6800812482833862,91.31
2016-06-20,23.04,26.59,20.21,82.19,2.41,2.154226064682007,91.26
2016-06-21,22.67,26.91,19.88,82.3,3.34,1.1820101737976074,91.35
2016-06-22,21.65,25.58,18.72,82.55,4.16,0.4852280616760254,91.48
2016-06-23,21.39,25.43,18.62,81.4,4.71,21.7733154296875,91.51
2016-06-24,22.5,28.24,18.56,76.99,4.86,1.4206925630569458,91.43
2016-06-25,22.1,27.33,18.15,76.11,5.42,6.129218578338623,91.5
2016-06-26,23.44,29.41,19.14,77.31,3.98,3.669577121734619,91.48
2016-06-27,22.98,26.82,20.07,79.3,4.72,0.7485348582267761,91.4
2016-06-28,23.13,27.16,19.95,79.8,5.2,5.599771499633789,91.4
2016-06-29,22.95,27.27,20.02,81.82,5.4,3.3832218647003174,91.4
2016-06-30,23.02,27.6,19.85,80.03,5.5,3.136838674545288,91.42
2016-07-01,22.99,27.36,20.24,79.64,5.73,0.0,91.37
2016-07-02,24.33,30.8,19.58,73.14,6.18,0.3648353815078735,91.4
2016-07-03,24.17,29.68,20.23,74.84,5.58,0.0,91.54
2016-07-04,23.9,29.69,19.89,76.86,4.6,0.0,91.56
2016-07-05,24.6,30.44,20.52,75.93,4.26,0.1789035201072693,91.51
2016-07-06,23.7,27.73,20.82,80.58,4.27,0.0,91.5
2016-07-07,23.29,27.62,20.35,79.51,4.53,4.91431999206543,91.51
2016-07-08,23.7,28.5,20.28,76.69,4.93,0.3207509815692901,91.44
2016-07-09,23.73,28.18,20.46,77.36,5.95,0.0,91.38
2016-07-10,24.29,30.06,20.29,74.39,6.52,1.4071080684661863,91.36
2016-07-11,23.78,28.66,20.47,75.12,6.35,0.0,91.35
2016-07-12,23.66,28.27,20.63,75.83,5.47,0.5025272369384766,91.43
2016-07-13,24.52,30.76,19.7,73.05,4.99,0.0,91.45
2016-07-14,24.83,30.64,19.64,72.11,3.73,0.0,91.4
2016-07-15,24.99,31.24,19.84,73.73,2.47,0.0,91.38
2016-07-16,23.82,27.83,20.53,77.86,1.96,2.6554713249206543,91.52
2016-07-17,23.13,26.81,20.5,79.12,1.86,6.120279312133789,91.68
2016-07-18,23.1,26.94,19.7,80.21,2.47,0.1789035201072693,91.66
2016-07-19,23.17,28.98,18.89,75.94,3.53,0.0,91.63
2016-07-20,23.07,27.57,19.68,78.87,3.5,0.9507445096969604,91.57
2016-07-21,22.37,26.81,19.25,80.18,4.49,13.294549942016602,91.47
2016-07-22,22.99,28.38,19.04,77.29,4.09,7.043655872344971,91.41
2016-07-23,23.34,29.66,19.05,77.6,3.51,0.0,91.38
2016-07-24,22.85,27.4,19.3,78.67,3.0,0.6432539820671082,91.41
2016-07-25,23.79,30.21,19.15,77.84,1.81,6.64611291885376,91.43
2016-07-26,23.22,27.84,19.33,78.02,1.37,22.418500900268555,91.42
2016-07-27,23.14,26.85,20.32,83.93,1.66,18.65460205078125,91.44
2016-07-28,22.5,26.64,19.03,86.95,2.32,19.338891983032227,91.49
2016-07-29,22.97,28.28,19.62,82.12,3.37,61.4587516784668,91.47
2016-07-30,21.48,25.1,18.75,84.78,3.57,1.4060471057891846,91.51
2016-07-31,22.24,28.24,17.72,76.89,4.52,10.066137313842772,91.57
2016-08-01,22.56,27.92,18.76,77.41,5.24,0.0,91.54
2016-08-02,22.2,27.1,18.8,80.84,5.6,0.0,91.37
2016-08-03,23.13,29.18,19.35,76.89,5.71,0.0,91.3
2016-08-04,22.83,28.31,19.38,79.48,5.33,0.0,91.4
2016-08-05,23.3,29.01,18.84,77.34,5.42,0.0,91.46
2016-08-06,23.07,28.47,19.73,78.57,4.82,0.0,91.5
2016-08-07,22.78,27.29,19.45,80.97,4.28,0.0,91.58
2016-08-08,23.43,29.51,18.88,77.72,4.06,0.0,91.65
2016-08-09,23.96,30.2,19.06,75.96,3.91,0.5413761138916016,91.6
2016-08-10,23.31,28.84,19.26,77.85,3.99,0.0,91.65
2016-08-11,23.83,29.65,19.06,76.37,3.41,0.0,91.71
2016-08-12,24.11,30.04,19.43,77.24,3.7,0.0,91.68
2016-08-13,24.14,29.81,19.85,77.21,3.82,2.128713846206665,91.56
2016-08-14,23.45,28.48,19.43,78.65,4.04,0.1306634545326233,91.55
2016-08-15,23.78,30.25,19.1,74.92,4.91,3.188516139984131,91.49
2016-08-16,23.92,30.87,19.06,74.44,5.3,0.6472473740577698,91.42
2016-08-17,24.22,30.86,19.37,73.84,4.76,7.151998043060303,91.35
2016-08-18,24.43,30.81,19.5,73.59,3.91,0.0,91.38
2016-08-19,24.57,30.74,19.16,73.1,3.67,0.0,91.4
2016-08-20,24.79,30.98,19.11,71.53,2.94,1.190061330795288,91.41
2016-08-21,25.22,31.85,19.61,70.37,2.7,1.0265527963638306,91.48
2016-08-22,25.36,31.82,20.09,70.81,3.0,3.0012714862823486,91.52
2016-08-23,24.65,30.89,20.1,73.11,3.24,1.8194504976272583,91.51
2016-08-24,24.39,30.08,19.92,74.77,3.18,0.6140505075454712,91.45
2016-08-25,23.75,27.95,20.21,80.05,3.03,0.0,91.46
2016-08-26,23.69,29.15,19.86,77.89,3.25,11.211620330810549,91.46
2016-08-27,23.94,29.13,19.87,77.53,3.01,0.3132533431053161,91.49
2016-08-28,23.85,29.63,19.37,74.99,3.34,4.650439739227295,91.52
2016-08-29,23.66,28.32,19.51,77.55,3.04,0.0,91.46
2016-08-30,23.16,27.27,20.36,82.7,2.57,0.4385973215103149,91.34
2016-08-31,22.37,27.02,19.56,83.24,3.47,29.13267135620117,91.43
2016-09-01,22.63,28.92,17.5,75.42,3.49,4.874006271362305,91.59
2016-09-02,22.47,27.9,18.33,75.73,3.38,0.0,91.65
2016-09-03,22.43,27.97,18.18,75.96,3.02,0.0,91.62
2016-09-04,23.08,29.43,18.49,74.51,3.12,0.2862367630004883,91.75
2016-09-05,23.17,29.89,18.44,73.18,3.41,3.0089168548583984,91.77
2016-09-06,23.41,30.08,18.34,71.46,3.62,0.0,91.79
2016-09-07,23.55,30.36,18.29,69.28,3.46,0.2442157715559005,91.69
2016-09-08,23.87,30.82,18.42,67.75,2.96,0.0,91.67
2016-09-09,24.08,31.26,18.47,69.59,2.38,0.0,91.69
2016-09-10,24.17,31.34,18.91,71.57,2.89,8.254721641540527,91.63
2016-09-11,22.55,27.67,19.11,75.34,2.76,10.23723030090332,91.56
2016-09-12,23.08,28.26,19.24,72.72,2.81,0.5796706676483154,91.52
2016-09-13,23.37,29.65,19.32,71.83,3.35,0.0,91.52
2016-09-14,24.37,31.0,19.66,72.97,3.47,0.0,91.49
2016-09-15,22.9,28.22,19.16,77.21,3.54,1.035798192024231,91.49
2016-09-16,23.87,30.62,19.37,74.04,3.61,10.385093688964844,91.43
2016-09-17,23.24,28.95,19.07,73.66,3.49,0.0,91.53
2016-09-18,23.6,30.64,18.64,71.67,3.62,0.0,91.65
2016-09-19,23.92,31.03,18.98,70.7,3.3,0.0,91.63
2016-09-20,23.88,30.53,19.04,69.81,3.7,0.0,91.53
2016-09-21,22.88,27.86,19.6,76.21,3.89,0.0,91.56
2016-09-22,23.49,30.81,18.27,70.36,4.52,0.1544896364212036,91.53
2016-09-23,23.78,31.22,18.82,74.67,4.22,0.0,91.37
2016-09-24,24.07,31.45,19.16,72.62,4.81,2.2500662803649902,91.26
2016-09-25,24.47,31.48,19.18,71.16,3.82,0.115934133529663,91.35
2016-09-26,24.95,31.9,19.18,71.79,3.09,0.0,91.48
2016-09-27,23.03,26.31,20.76,85.95,2.27,0.0,91.51
2016-09-28,23.6,28.31,20.34,83.37,2.05,8.0161771774292,91.47
2016-09-29,24.3,29.46,20.7,77.67,2.1,2.6516928672790527,91.43
2016-09-30,24.87,31.8,19.79,69.38,3.03,0.4640462398529053,91.4
2016-10-01,24.62,32.33,19.17,67.41,2.57,0.0,91.45
2016-10-02,23.62,29.96,19.14,70.66,1.73,0.0,91.64
2016-10-03,24.9,31.78,19.02,72.25,0.81,0.0,91.61
2016-10-04,24.14,28.72,20.82,74.11,1.67,0.0,91.65
2016-10-05,24.82,32.4,18.99,65.63,2.47,0.0,91.62
2016-10-06,23.81,30.72,18.39,64.25,2.12,0.0,91.63
2016-10-07,23.44,30.7,17.42,64.27,2.31,0.0,91.66
2016-10-08,24.86,32.28,18.71,66.12,2.74,0.0,91.68
2016-10-09,23.77,29.94,19.7,71.02,2.91,0.0,91.72
2016-10-10,23.93,31.54,18.79,73.96,2.86,0.4518673419952392,91.66
2016-10-11,24.31,30.43,19.2,75.28,1.85,0.0,91.63
2016-10-12,23.11,28.1,20.56,83.05,2.02,9.699201583862305,91.64
2016-10-13,23.31,27.59,20.62,80.76,1.38,6.326326847076416,91.65
2016-10-14,23.79,31.16,18.87,68.04,1.78,0.0,91.66
2016-10-15,23.05,31.79,16.37,57.5,1.93,0.0,91.72
2016-10-16,23.08,31.62,16.09,57.51,1.49,0.0,91.76
2016-10-17,23.43,31.67,16.11,59.16,1.23,0.0,91.68
2016-10-18,23.62,31.63,16.18,55.05,1.58,0.0,91.6
2016-10-19,24.05,31.45,16.89,55.48,1.12,0.0,91.54
2016-10-20,23.58,31.5,17.65,55.93,1.51,0.0,91.49
2016-10-21,23.28,31.81,15.29,53.02,1.47,0.0,91.55
2016-10-22,23.7,31.99,16.44,51.12,1.58,0.0,91.68
2016-10-23,22.75,30.79,16.95,48.77,1.75,0.0,91.77
2016-10-24,23.09,31.68,15.97,55.98,1.73,0.0,91.72
2016-10-25,23.89,31.77,16.13,52.65,1.28,0.0,91.61
2016-10-26,23.57,31.8,16.68,52.68,1.61,0.0,91.66
2016-10-27,23.34,31.75,15.51,50.13,1.86,0.0,91.77
2016-10-28,24.37,32.13,18.26,48.11,1.6,0.0,91.73
2016-10-29,25.28,33.59,18.28,49.63,1.54,0.0,91.67
2016-10-30,25.35,33.36,19.51,61.04,2.24,0.0,91.74
2016-10-31,24.95,32.88,19.14,64.99,2.54,0.0,91.89
2016-11-01,24.71,32.36,18.74,64.76,2.52,0.0,91.86
2016-11-02,24.0,31.58,18.22,69.64,2.32,0.8721569776535034,91.8
2016-11-03,23.78,29.65,19.2,69.11,2.19,0.0,91.81
2016-11-04,24.82,32.45,19.16,57.49,1.6,0.0,91.69
2016-11-05,23.88,32.57,16.22,46.93,1.87,0.0,91.63
2016-11-06,23.97,32.57,15.37,47.13,1.28,0.0,91.72
2016-11-07,23.42,31.68,15.95,48.97,1.76,0.0,91.85
2016-11-08,22.72,31.49,16.1,51.41,1.77,0.0,91.86
2016-11-09,21.81,31.45,14.17,48.76,1.79,0.0,91.95
2016-11-10,22.05,32.08,13.54,44.17,1.49,0.0,91.89
2016-11-11,22.72,32.32,14.64,52.46,1.52,0.0,91.82
2016-11-12,23.84,32.75,17.1,53.88,1.88,0.0,91.89
2016-11-13,24.89,33.37,17.76,61.37,2.24,0.0,91.97
2016-11-14,26.19,33.92,20.2,59.46,2.74,0.0,91.92
2016-11-15,25.58,33.75,20.01,53.07,2.86,0.0,91.88
2016-11-16,24.43,31.27,18.76,59.7,2.9,0.0,91.89
2016-11-17,24.39,32.34,19.02,63.23,3.44,0.0,91.91
2016-11-18,22.66,30.16,16.6,58.31,2.64,0.0,91.84
2016-11-19,23.17,32.37,14.52,54.17,2.4,0.0,91.74
2016-11-20,23.1,32.2,15.71,50.36,2.26,0.0,91.78
2016-11-21,23.33,32.83,14.02,49.82,2.57,0.0,91.79
2016-11-22,23.57,33.3,15.81,39.84,1.7,0.0,91.76
2016-11-23,22.69,33.58,14.26,44.21,2.19,0.0,91.74
2016-11-24,21.92,33.11,12.83,45.56,2.14,0.0,91.78
2016-11-25,21.76,32.77,12.6,46.21,2.4,0.0,91.77
2016-11-26,22.54,33.77,14.49,41.4,1.64,0.0,91.83
2016-11-27,22.89,33.77,15.26,35.79,1.8,0.0,91.83
2016-11-28,23.4,34.39,16.49,25.0,1.81,0.0,91.84
2016-11-29,22.98,33.57,14.46,37.9,1.84,0.0,91.91
2016-11-30,21.84,30.52,14.02,51.89,1.97,0.0,91.94
2016-12-01,21.01,30.27,15.16,59.69,2.99,0.0,91.85
2016-12-02,22.2,30.38,16.63,73.62,3.46,3.615148305892944,91.84
2016-12-03,22.42,29.61,18.1,79.32,3.68,5.097983360290527,91.95
2016-12-04,23.17,30.8,18.17,70.86,2.75,0.0,92.07
2016-12-05,23.56,30.98,18.87,69.26,2.18,0.0,91.98
2016-12-06,22.03,30.15,16.65,64.67,2.79,0.0,91.93
2016-12-07,21.64,30.89,12.36,62.9,2.43,0.0,91.93
2016-12-08,23.26,31.54,17.15,63.23,1.74,0.0,91.85
2016-12-09,22.29,31.38,16.07,45.33,1.88,0.0,91.75
2016-12-10,20.58,30.57,12.53,25.82,2.24,0.0,91.71
2016-12-11,20.33,28.9,11.52,26.47,1.99,0.0,91.61
2016-12-12,20.29,25.86,16.45,54.39,4.04,0.0,91.47
2016-12-13,20.11,24.48,16.89,84.44,3.59,65.39617156982422,91.38
2016-12-14,22.02,27.77,18.35,78.03,3.4,2.881935834884644,91.77
2016-12-15,21.46,29.2,16.64,68.3,2.72,0.0,91.91
2016-12-16,21.27,28.3,16.67,76.92,2.7,0.0,92.02
2016-12-17,21.65,29.74,16.05,69.9,2.08,0.2490822970867157,92.06
2016-12-18,21.06,29.85,14.99,66.85,1.94,0.0,92.02
2016-12-19,20.39,30.0,13.13,55.63,2.12,0.0,92.0
2016-12-20,20.66,30.57,13.24,55.6,2.29,0.0,91.97
2016-12-21,21.3,30.93,14.1,60.97,1.41,0.0,92.03
2016-12-22,20.73,30.8,14.48,50.43,1.75,0.0,91.97
2016-12-23,20.76,30.29,13.95,35.29,1.63,0.0,91.84
2016-12-24,19.68,30.66,12.43,45.64,1.6,0.0,91.72
2016-12-25,19.5,30.34,12.3,57.63,1.35,0.0,91.82
2016-12-26,20.31,30.78,12.6,48.31,1.95,0.0,91.86
2016-12-27,20.28,30.79,11.76,53.31,2.62,0.0,91.87
2016-12-28,20.48,30.99,12.43,56.54,2.47,0.0,91.9
2016-12-29,19.8,29.81,13.29,58.77,2.28,0.0,91.96
2016-12-30,19.48,29.04,13.37,62.52,2.39,0.0,92.0
2016-12-31,19.58,29.22,13.21,61.19,2.4,0.0,91.95
2017-01-01,19.48,29.02,12.08,62.29,2.12,0.0,91.94
2017-01-02,19.71,29.18,12.64,58.41,1.85,0.0,92.01
2017-01-03,19.79,29.35,12.11,50.68,2.28,0.0,91.97
2017-01-04,20.35,29.77,12.8,54.76,1.8,0.0,91.91
2017-01-05,20.17,29.89,13.11,56.68,1.89,0.0,91.89
2017-01-06,20.08,30.03,12.78,55.43,1.48,0.0,91.84
2017-01-07,20.49,29.55,12.91,57.13,1.41,0.0,91.7
2017-01-08,20.52,30.09,13.34,59.06,1.85,0.0,91.64
2017-01-09,20.77,29.93,13.96,55.52,1.63,0.0,91.69
2017-01-10,20.57,29.71,11.62,51.24,1.26,0.0,91.77
2017-01-11,21.07,29.76,12.81,54.04,1.22,0.0,91.8
2017-01-12,21.59,29.36,14.34,59.81,1.59,0.0,91.74
2017-01-13,22.23,29.35,16.3,60.93,2.31,0.0,91.75
2017-01-14,21.57,28.94,16.92,60.9,2.9,0.0,91.89
2017-01-15,21.1,30.08,13.91,57.57,2.79,0.0,92.02
2017-01-16,21.09,30.05,14.84,54.87,2.3,0.0,92.02
2017-01-17,20.29,30.21,12.3,50.01,2.49,0.0,91.99
2017-01-18,20.08,29.95,12.19,53.03,3.36,0.0,92.05
2017-01-19,20.02,29.15,12.84,61.01,3.55,0.0,92.08
2017-01-20,20.81,30.62,10.6,58.7,3.18,0.0,92.07
2017-01-21,22.36,30.26,15.62,67.31,3.99,0.0,92.1
2017-01-22,22.79,32.01,15.4,53.89,3.46,0.0,92.18
2017-01-23,21.62,31.09,12.96,42.4,3.49,0.0,92.16
2017-01-24,22.15,31.36,14.21,52.29,3.49,0.0,92.09
2017-01-25,22.04,30.89,14.07,55.26,3.44,0.0,92.11
2017-01-26,22.17,31.32,14.74,65.42,3.11,0.0,92.07
2017-01-27,22.55,28.64,18.26,75.02,2.71,0.2722407877445221,92.0
2017-01-28,23.54,31.13,18.15,70.45,3.25,0.0,91.96
2017-01-29,23.74,32.35,15.75,57.05,2.8,0.0,92.0
2017-01-30,22.82,32.28,15.19,54.83,2.34,0.0,91.98
2017-01-31,23.02,33.46,16.02,50.15,2.37,0.0,91.91
2017-02-01,21.84,33.01,12.82,45.74,2.25,0.0,91.97
2017-02-02,21.25,31.86,12.57,49.96,2.8,0.0,92.09
2017-02-03,21.46,31.5,13.1,51.55,2.35,0.0,92.07
2017-02-04,21.91,31.88,14.4,50.68,2.48,0.0,91.99
2017-02-05,21.71,32.57,13.46,48.54,1.9,0.0,91.93
2017-02-06,21.83,32.27,13.55,46.87,1.89,0.0,91.92
2017-02-07,22.35,32.83,12.77,36.99,1.64,0.0,91.88
2017-02-08,22.66,33.61,13.25,37.97,2.34,0.0,91.95
2017-02-09,22.46,33.86,12.93,44.0,2.04,0.0,91.88
2017-02-10,22.57,33.65,14.09,44.87,2.28,0.0,91.81
2017-02-11,22.45,33.32,13.98,45.56,2.09,0.0,91.89
2017-02-12,22.03,32.15,14.66,50.66,3.17,0.0,92.05
2017-02-13,21.65,31.12,13.62,53.04,3.84,0.0,92.16
2017-02-14,22.68,31.76,14.34,60.36,4.3,0.0,92.27
2017-02-15,22.77,32.3,13.22,50.54,3.45,0.0,92.29
2017-02-16,21.45,31.27,12.23,47.05,3.86,0.0,92.14
2017-02-17,21.43,31.84,11.45,47.3,3.53,0.0,92.04
2017-02-18,22.73,32.99,13.15,43.82,3.32,0.0,92.11
2017-02-19,23.95,34.71,14.54,39.26,1.84,0.0,92.01
2017-02-20,25.05,34.89,16.17,29.36,1.45,0.0,91.79
2017-02-21,25.64,35.55,16.47,29.43,1.82,0.0,91.72
2017-02-22,25.96,35.93,16.75,30.67,1.83,0.0,91.77
2017-02-23,25.73,36.23,15.67,40.83,2.82,0.0,91.88
2017-02-24,25.8,36.48,15.96,38.26,3.32,0.0,91.95
2017-02-25,25.89,36.12,16.79,36.55,2.59,0.0,91.94
2017-02-26,25.44,34.8,17.57,39.12,2.86,0.0,91.78
2017-02-27,23.3,31.77,15.39,42.26,3.23,0.0,91.88
2017-02-28,23.99,34.18,14.35,29.94,3.33,0.0,91.91
2017-03-01,23.87,34.12,14.21,29.54,3.55,0.0,91.88
2017-03-02,24.03,34.91,13.67,25.79,2.74,0.0,91.75
2017-03-03,24.84,34.63,14.45,39.95,2.45,0.0,91.58
2017-03-04,26.37,34.62,19.17,57.87,2.71,0.0,91.56
2017-03-05,26.56,31.96,20.97,55.73,1.8,0.0,91.56
2017-03-06,27.32,34.49,21.0,53.67,2.15,0.0,91.55
2017-03-07,25.47,30.08,21.63,65.94,2.13,2.837268352508545,91.58
2017-03-08,25.19,30.82,20.44,68.22,0.98,30.844327926635746,91.57
2017-03-09,25.97,32.3,20.29,63.76,1.67,0.0,91.52
2017-03-10,26.13,34.09,19.34,59.32,1.82,0.0,91.57
2017-03-11,26.32,33.64,18.95,57.59,1.43,0.0,91.68
2017-03-12,25.8,33.81,18.21,48.03,1.35,0.0,91.72
2017-03-13,26.75,33.99,19.64,57.88,1.83,0.0,91.75
2017-03-14,25.22,31.3,20.68,69.49,2.5,0.6994593143463135,91.79
2017-03-15,25.09,31.04,20.61,62.22,3.27,0.0,91.86
2017-03-16,24.54,31.58,19.51,62.31,1.8,0.0,91.87
2017-03-17,26.34,33.88,18.0,53.8,1.03,0.0,91.78
2017-03-18,27.77,35.6,21.9,43.51,1.63,0.0,91.81
2017-03-19,27.54,36.05,20.29,42.05,2.29,0.0,91.84
2017-03-20,27.81,35.15,20.07,47.95,1.69,0.0,91.8
2017-03-21,26.71,32.57,21.16,55.1,2.2,0.0,91.88
2017-03-22,26.41,33.98,19.63,50.87,2.39,0.0,91.88
2017-03-23,26.06,35.45,17.59,45.88,2.24,0.0,91.82
2017-03-24,26.32,36.6,16.85,38.01,2.89,0.0,91.8
2017-03-25,26.72,36.77,16.89,33.29,2.9,0.0,91.82
2017-03-26,27.17,37.09,17.85,35.13,3.27,0.0,91.85
2017-03-27,26.59,36.11,16.82,36.03,3.19,0.0,91.9
2017-03-28,27.54,37.14,18.15,32.97,3.1,0.0,91.88
2017-03-29,28.12,37.49,19.14,35.8,2.51,0.0,91.82
2017-03-30,28.04,37.46,18.7,29.88,2.58,0.0,91.82
2017-03-31,28.1,37.29,19.12,41.44,3.39,0.0,91.91
2017-04-01,28.54,37.41,19.44,36.8,2.01,0.0,91.82
2017-04-02,29.57,38.13,21.59,29.55,2.34,0.0,91.69
2017-04-03,29.39,37.6,20.45,36.31,2.56,0.0,91.74
2017-04-04,29.24,36.63,21.43,45.21,2.47,0.0,91.77
2017-04-05,30.1,36.97,22.23,40.74,1.47,0.0,91.7
2017-04-06,30.59,37.27,23.45,38.91,1.86,2.572226285934448,91.61
2017-04-07,30.23,36.81,23.67,41.7,1.92,5.23471212387085,91.63
2017-04-08,30.79,38.45,23.11,36.28,2.93,0.0,91.6
2017-04-09,30.07,37.94,21.88,35.09,2.61,0.0,91.62
2017-04-10,30.41,38.12,22.6,38.48,2.52,0.0,91.54
2017-04-11,30.9,38.72,22.82,33.28,2.66,0.1829780638217926,91.52
2017-04-12,29.53,37.12,23.17,37.05,2.75,0.0,91.6
2017-04-13,29.44,38.44,20.66,38.18,2.91,0.0,91.63
2017-04-14,28.97,37.89,20.81,37.18,2.63,0.0,91.6
2017-04-15,29.45,38.27,20.72,32.58,2.29,0.0,91.47
2017-04-16,30.46,38.67,22.0,31.62,1.86,0.0,91.44
2017-04-17,30.2,36.91,23.31,43.14,2.05,1.170859694480896,91.57
2017-04-18,29.82,37.96,21.49,44.34,1.44,13.053929328918455,91.55
2017-04-19,30.38,37.09,23.38,45.51,1.7,0.0,91.57
2017-04-20,30.12,36.84,22.79,48.69,1.76,0.274850845336914,91.54
2017-04-21,27.54,33.88,22.65,62.01,2.35,0.6393682956695557,91.66
2017-04-22,28.92,35.98,21.77,53.42,2.38,0.0,91.62
2017-04-23,29.18,37.49,20.67,47.11,2.55,0.0,91.6
2017-04-24,29.94,37.72,21.51,39.58,2.23,0.0,91.61
2017-04-25,30.06,37.49,22.3,40.11,2.31,0.0,91.63
2017-04-26,28.6,33.07,24.3,50.69,1.44,0.5796350836753845,91.69
2017-04-27,29.59,36.22,23.38,44.21,1.87,0.0,91.68
2017-04-28,30.51,37.69,22.67,39.07,0.99,0.0,91.69
2017-04-29,30.85,37.75,24.8,36.71,0.83,0.7466652393341064,91.72
2017-04-30,29.92,37.17,22.63,40.84,1.32,5.691797733306885,91.69
2017-05-01,28.12,32.88,24.18,50.33,1.5,0.3354041874408722,91.76
2017-05-02,27.34,33.23,20.95,55.18,1.44,7.450147151947021,91.83
2017-05-03,28.4,35.41,20.72,51.49,2.17,0.0,91.79
2017-05-04,29.8,37.41,21.64,45.52,1.73,0.0,91.76
2017-05-05,30.91,38.61,22.54,40.9,2.51,0.0,91.69
2017-05-06,30.76,37.87,24.23,46.31,2.14,0.0,91.78
2017-05-07,29.47,35.0,24.45,49.52,1.51,0.0,91.83
2017-05-08,25.76,29.06,22.84,66.3,1.54,1.8593605756759644,91.85
2017-05-09,26.86,32.93,21.05,63.52,1.97,0.0,91.66
2017-05-10,26.96,32.12,22.07,65.35,1.34,0.2191219627857208,91.63
2017-05-11,25.73,29.03,22.06,70.68,1.06,7.234962940216064,91.68
2017-05-12,27.28,33.78,20.9,61.68,1.63,1.8791238069534304,91.65
2017-05-13,28.46,35.13,21.61,58.95,1.19,0.0,91.57
2017-05-14,28.98,35.81,22.49,60.47,2.0,0.0,91.5
2017-05-15,27.43,33.34,22.45,66.96,2.7,9.373258590698242,91.49
2017-05-16,30.24,37.94,23.2,51.59,1.57,0.369203120470047,91.38
2017-05-17,29.32,36.74,23.51,58.15,2.44,3.039898633956909,91.4
2017-05-18,27.18,34.56,23.07,66.92,2.57,16.063125610351562,91.53
2017-05-19,24.69,28.24,22.37,78.99,3.0,16.472318649291992,91.68
2017-05-20,26.12,32.12,21.75,71.02,2.67,0.0,91.53
2017-05-21,24.62,29.31,21.54,76.0,2.66,18.26317596435547,91.45
2017-05-22,25.49,30.45,21.72,74.99,2.01,0.0,91.5
2017-05-23,27.97,35.71,21.1,61.66,1.97,13.258838653564451,91.45
2017-05-24,27.52,34.5,22.15,64.98,2.52,3.8801660537719727,91.42
2017-05-25,26.17,31.67,22.27,71.11,3.26,0.1574055552482605,91.39
2017-05-26,26.84,33.04,22.03,70.62,2.79,0.0,91.37
2017-05-27,24.69,28.18,22.44,83.37,2.23,48.87246322631836,91.38
2017-05-28,25.5,30.81,21.65,76.54,3.72,37.68441390991211,91.36
2017-05-29,26.15,33.43,21.19,70.53,4.75,0.0,91.32
2017-05-30,26.23,33.7,20.74,69.23,4.89,0.0,91.35
2017-05-31,25.87,32.34,20.89,70.72,4.02,0.2265551835298538,91.38
2017-06-01,25.9,32.37,20.71,69.24,3.22,0.0,91.36
2017-06-02,25.08,31.15,20.34,72.36,3.17,0.0,91.4
2017-06-03,24.54,30.01,20.36,74.92,4.68,0.0,91.56
2017-06-04,25.4,31.9,20.5,71.23,3.21,0.0,91.54
2017-06-05,26.29,33.35,20.7,67.42,3.58,0.0,91.54
2017-06-06,24.58,29.86,20.81,75.83,3.27,0.0,91.59
2017-06-07,23.14,29.01,19.49,70.95,4.4,0.0,91.7
2017-06-08,22.82,27.74,18.39,71.49,4.31,0.5273846983909607,91.58
2017-06-09,23.41,28.67,19.96,77.92,4.48,0.0,91.5
2017-06-10,23.29,28.02,20.16,77.6,5.1,8.220098495483398,91.46
2017-06-11,23.63,29.31,19.7,75.18,5.59,0.0,91.38
2017-06-12,23.76,27.86,20.83,79.43,4.29,0.6059958934783936,91.38
2017-06-13,25.02,31.13,20.82,75.83,3.72,0.323226660490036,91.39
2017-06-14,25.54,31.27,21.39,74.3,3.31,0.295925110578537,91.54
2017-06-15,25.48,31.76,20.88,72.49,3.61,0.0,91.56
2017-06-16,24.42,30.01,21.03,76.05,3.65,0.0,91.58
2017-06-17,23.56,29.53,19.27,71.02,3.96,17.960180282592773,91.55
2017-06-18,25.03,32.46,18.72,68.51,3.67,0.0,91.48
2017-06-19,23.3,28.29,20.02,72.87,3.52,1.5876595973968506,91.47
2017-06-20,24.63,32.02,19.7,70.78,3.95,0.4092637598514557,91.49
2017-06-21,24.71,31.07,20.21,69.81,4.16,1.4035332202911377,91.52
2017-06-22,24.58,30.16,20.36,72.62,3.86,0.0,91.57
2017-06-23,25.12,30.99,20.51,72.33,4.31,0.4382439255714416,91.5
2017-06-24,24.28,30.01,20.47,68.79,4.73,0.0,91.34
2017-06-25,23.54,27.74,20.22,76.27,4.79,0.0,91.26
2017-06-26,24.09,28.96,20.82,73.96,5.18,0.0,91.41
2017-06-27,23.75,28.64,20.41,71.41,5.46,0.0,91.51
2017-06-28,23.41,29.36,19.96,73.03,5.36,0.0,91.54
2017-06-29,22.94,27.93,19.07,74.09,4.63,0.2047854363918304,91.52
2017-06-30,23.74,28.11,20.34,75.72,4.42,0.0,91.48
2017-07-01,25.06,31.65,20.38,70.32,4.05,0.1280393302440643,91.46
2017-07-02,24.18,29.26,20.51,73.82,4.01,0.0,91.5
2017-07-03,24.32,31.11,19.72,70.25,4.27,0.0,91.58
2017-07-04,23.66,30.11,19.23,70.0,4.67,5.159046649932861,91.61
2017-07-05,23.48,30.52,18.37,75.53,3.96,1.7784370183944702,91.61
2017-07-06,24.5,30.97,20.05,73.19,3.92,9.002362251281738,91.54
2017-07-07,24.25,30.31,20.22,70.83,3.9,5.491275787353516,91.54
2017-07-08,23.92,29.32,19.6,69.88,3.67,0.7677211165428162,91.54
2017-07-09,24.5,31.26,19.43,70.24,3.15,0.0,91.54
2017-07-10,24.07,29.45,20.33,74.54,3.04,0.0,91.62
2017-07-11,23.62,28.02,20.56,77.81,4.02,0.0,91.65
2017-07-12,24.07,31.15,18.84,68.76,4.37,0.2304707765579223,91.58
2017-07-13,24.06,30.07,19.72,67.7,4.66,0.4304365217685699,91.55
2017-07-14,23.16,29.88,18.15,69.24,5.3,0.0,91.55
2017-07-15,23.82,30.56,18.9,71.49,4.78,0.0,91.57
2017-07-16,24.51,31.51,20.29,68.39,5.34,0.2047854363918304,91.5
2017-07-17,24.01,29.48,19.51,70.76,5.49,0.0,91.4
2017-07-18,23.64,27.96,21.02,78.19,5.3,0.0,91.38
2017-07-19,24.04,28.88,20.59,75.61,5.96,0.1365236341953277,91.38
2017-07-20,23.92,29.89,19.99,71.42,6.04,6.857217788696289,91.39
2017-07-21,23.94,29.26,20.14,75.26,5.09,0.3517418801784515,91.49
2017-07-22,25.59,33.05,19.96,68.11,4.54,0.0,91.51
2017-07-23,25.58,32.68,20.24,68.26,4.48,0.0,91.51
2017-07-24,24.65,30.46,20.37,70.59,4.5,0.0,91.51
2017-07-25,25.83,33.16,19.91,66.51,4.42,0.0,91.41
2017-07-26,25.99,33.67,19.96,65.34,4.47,0.0,91.44
2017-07-27,25.67,33.42,20.02,67.47,4.5,0.0,91.5
2017-07-28,24.98,31.61,19.98,71.85,4.21,6.8506999015808105,91.62
2017-07-29,24.64,30.96,20.19,73.49,3.41,9.022106170654297,91.64
2017-07-30,24.35,29.8,20.43,76.57,2.57,0.0,91.59
2017-07-31,24.14,29.0,20.72,79.49,2.26,0.3920050859451294,91.62
2017-08-01,25.22,32.05,20.43,71.71,2.75,2.80132794380188,91.63
2017-08-02,24.84,30.66,19.9,72.54,3.1,0.8346506357192993,91.64
2017-08-03,24.71,31.52,19.51,72.07,4.29,0.0,91.58
2017-08-04,24.5,29.56,20.65,74.73,4.27,0.0,91.37
2017-08-05,25.01,30.94,20.71,73.0,4.34,0.0,91.28
2017-08-06,25.25,30.9,20.88,72.42,3.79,0.828242301940918,91.29
2017-08-07,25.33,31.67,20.5,71.22,3.13,0.0,91.36
2017-08-08,24.92,30.34,20.72,72.91,2.42,0.0,91.44
2017-08-09,24.53,29.44,20.96,74.88,2.2,0.2690228223800659,91.5
2017-08-10,23.69,27.53,20.57,75.54,1.4,8.091008186340332,91.54
2017-08-11,23.02,25.85,20.08,82.71,1.71,8.407476425170898,91.57
2017-08-12,23.14,27.98,19.28,81.13,2.4,20.619186401367188,91.61
2017-08-13,23.17,27.72,19.94,79.19,2.07,0.0,91.68
2017-08-14,23.36,28.88,19.29,77.31,1.17,0.0,91.76
2017-08-15,23.21,27.2,19.66,81.29,1.17,132.9561004638672,91.68
2017-08-16,23.36,27.69,19.61,82.44,2.05,22.06184196472168,91.53
2017-08-17,22.62,25.82,19.69,86.28,2.83,7.179564476013184,91.34
2017-08-18,22.5,26.19,19.78,84.05,3.6,24.278963088989254,91.28
2017-08-19,22.75,27.26,19.54,79.52,4.32,5.5444817543029785,91.32
2017-08-20,22.51,27.5,19.07,80.16,4.13,16.701908111572266,91.31
2017-08-21,22.53,27.08,19.16,80.81,3.63,4.796181678771973,91.32
2017-08-22,22.88,27.44,19.49,82.69,2.92,0.0,91.38
2017-08-23,23.24,28.41,19.46,83.13,2.69,10.791150093078612,91.47
2017-08-24,22.77,26.62,20.15,84.2,3.19,38.16424560546875,91.47
2017-08-25,22.97,27.52,20.22,82.7,3.52,20.70966148376465,91.39
2017-08-26,22.93,26.84,19.81,85.23,3.5,0.2358307987451553,91.27
2017-08-27,22.99,28.51,19.21,78.62,4.25,0.3360218703746795,91.22
2017-08-28,22.18,25.64,19.26,86.96,3.53,7.438703536987305,91.17
2017-08-29,23.05,28.01,19.65,81.31,4.44,0.0,91.24
2017-08-30,23.82,29.94,19.16,80.95,3.36,0.0,91.43
2017-08-31,23.98,29.02,19.63,80.51,2.15,1.0185388326644895,91.6
2017-09-01,23.82,27.9,20.53,83.55,1.92,53.38706207275391,91.62
2017-09-02,23.22,27.51,20.22,86.43,0.92,20.23618698120117,91.54
2017-09-03,23.62,27.5,20.58,84.87,1.53,25.665851593017575,91.58
2017-09-04,23.54,26.88,20.24,83.89,1.28,47.586063385009766,91.63
2017-09-05,23.56,27.3,20.25,84.97,1.74,3.158638000488281,91.59
2017-09-06,22.97,26.13,20.6,90.09,1.22,39.4775276184082,91.44
2017-09-07,22.8,26.04,20.48,90.84,1.44,7.746314525604248,91.42
2017-09-08,23.97,29.16,20.3,82.46,1.38,3.4897730350494385,91.46
2017-09-09,23.96,28.52,20.0,82.52,1.28,41.08228302001953,91.43
2017-09-10,23.24,27.62,20.0,86.66,1.76,33.64775466918945,91.43
2017-09-11,23.87,28.93,19.94,84.45,2.32,0.0,91.5
2017-09-12,23.82,27.66,20.87,85.95,2.52,0.0,91.62
2017-09-13,23.78,28.74,19.78,83.21,2.26,0.0,91.65
2017-09-14,23.75,28.16,19.89,83.26,1.46,0.0,91.57
2017-09-15,22.68,25.56,20.65,88.83,2.21,2.129197835922241,91.51
2017-09-16,22.61,26.63,19.83,87.66,3.0,0.0,91.53
2017-09-17,21.69,25.87,19.28,87.63,4.11,6.042481422424316,91.6
2017-09-18,21.64,26.75,18.16,83.15,4.68,16.399255752563477,91.69
2017-09-19,22.17,27.38,18.57,83.73,4.3,1.7748069763183594,91.6
2017-09-20,21.81,27.6,18.39,82.55,4.13,0.0,91.56
2017-09-21,22.17,27.84,17.68,83.2,3.46,0.0,91.52
2017-09-22,22.36,28.05,17.74,81.86,2.37,0.0,91.59
2017-09-23,23.6,28.52,18.97,80.96,1.38,0.0,91.68
2017-09-24,22.79,26.3,19.85,86.94,1.49,0.0,91.65
2017-09-25,21.57,24.0,19.43,91.98,2.61,46.66915893554688,91.52
2017-09-26,21.95,25.19,19.04,88.7,1.65,5.583192825317383,91.49
2017-09-27,21.73,24.16,19.96,89.79,1.13,63.003055572509766,91.53
2017-09-28,21.94,25.68,19.2,89.9,1.97,17.890581130981445,91.47
2017-09-29,21.68,25.34,18.26,88.91,2.02,1.094296097755432,91.46
2017-09-30,23.01,26.78,20.1,85.95,1.24,24.379226684570312,91.55
2017-10-01,21.98,24.72,20.14,91.21,1.51,0.8744797706604004,91.59
2017-10-02,22.77,27.15,19.6,87.45,1.35,29.979944229125977,91.49
2017-10-03,22.16,24.06,19.64,91.95,1.01,0.0,91.5
2017-10-04,22.46,25.63,20.32,91.41,1.49,10.102747917175291,91.55
2017-10-05,22.42,26.01,19.87,90.04,1.4,18.566619873046875,91.42
2017-10-06,22.6,26.53,19.44,87.78,1.09,26.896316528320312,91.38
2017-10-07,21.91,24.93,18.7,89.56,1.52,36.18758010864258,91.42
2017-10-08,23.19,27.29,19.36,87.52,1.3,13.238861083984377,91.38
2017-10-09,23.0,26.09,20.57,88.65,1.33,0.7742835283279419,91.38
2017-10-10,22.48,25.45,20.22,90.48,1.42,10.104963302612305,91.34
2017-10-11,22.96,26.45,20.67,86.65,0.99,10.895874977111816,91.44
2017-10-12,22.63,25.96,19.85,88.2,1.28,23.237091064453125,91.51
2017-10-13,22.53,26.44,19.38,88.5,1.2,38.38987731933594,91.45
2017-10-14,21.52,23.93,20.0,91.7,2.08,12.52108097076416,91.46
2017-10-15,21.65,25.84,17.91,89.5,2.48,39.92961120605469,91.54
2017-10-16,21.68,24.76,19.74,92.0,2.25,0.1883555799722671,91.6
2017-10-17,21.52,24.98,19.26,90.01,1.59,0.0,91.61
2017-10-18,21.99,26.15,18.91,85.41,1.72,0.0,91.53
2017-10-19,22.54,27.43,17.47,76.75,1.49,0.0,91.52
2017-10-20,22.16,26.18,18.68,86.99,1.59,0.0,91.63
2017-10-21,22.61,27.37,18.01,82.14,1.32,0.0,91.71
2017-10-22,22.18,27.63,17.79,83.03,1.51,0.0,91.75
2017-10-23,20.3,25.03,16.43,73.03,1.59,0.0,91.81
2017-10-24,20.98,26.41,15.56,77.91,1.32,0.0,91.87
2017-10-25,21.76,25.99,18.04,88.8,1.52,0.0,91.96
2017-10-26,22.16,26.68,18.58,87.61,1.92,0.0,92.0
2017-10-27,21.51,26.19,18.69,86.66,2.17,0.546094536781311,91.92
2017-10-28,20.84,25.33,17.65,86.75,2.39,0.0,91.9
2017-10-29,20.81,25.48,17.95,86.13,2.39,0.0,91.96
2017-10-30,20.34,24.98,16.94,89.45,3.32,0.0,91.89
2017-10-31,20.78,25.64,17.06,89.03,2.78,0.0,91.77
2017-11-01,21.37,25.77,18.27,88.76,2.85,0.0,91.79
2017-11-02,20.35,25.04,17.18,85.15,2.54,0.0,91.77
2017-11-03,19.7,23.85,16.17,87.62,2.86,0.0,91.65
2017-11-04,19.92,24.02,16.71,89.85,2.98,0.0,91.67
2017-11-05,20.86,25.78,16.67,89.03,3.06,1.7121471166610718,91.73
2017-11-06,21.07,25.13,18.35,89.15,2.8,6.389881134033203,91.8
2017-11-07,21.21,25.6,17.69,88.45,2.17,0.5076593160629272,91.85
2017-11-08,21.12,25.9,17.79,87.3,2.5,4.154979705810547,91.86
2017-11-09,19.92,25.43,15.79,83.7,2.22,0.0,91.79
2017-11-10,19.61,25.76,13.69,85.71,2.15,0.0,91.76
2017-11-11,19.53,25.21,15.67,85.35,2.23,0.0,91.77
2017-11-12,19.58,25.65,14.8,82.92,2.38,0.0,91.66
2017-11-13,20.64,26.23,16.22,86.62,2.07,0.0,91.53
2017-11-14,21.3,26.5,16.9,86.49,1.67,0.0,91.48
2017-11-15,21.83,26.72,17.87,87.17,1.68,0.0,91.49
2017-11-16,21.53,26.31,17.98,87.59,1.94,0.0,91.54
2017-11-17,22.29,26.4,19.68,85.78,1.02,0.0,91.58
2017-11-18,22.42,26.83,19.13,86.04,1.64,0.0,91.68
2017-11-19,22.29,27.26,18.66,86.26,1.8,0.0,91.8
2017-11-20,21.8,26.28,18.67,86.12,1.82,0.0,91.86
2017-11-21,21.73,27.14,17.93,85.37,1.95,0.0,91.8
2017-11-22,21.34,26.72,17.53,86.03,1.99,0.0,91.76
2017-11-23,20.41,26.87,15.19,80.39,1.64,0.0,91.78
2017-11-24,20.82,26.5,16.14,85.51,1.65,0.0,91.87
2017-11-25,20.14,25.78,16.14,86.25,1.99,0.0,91.92
2017-11-26,20.16,25.68,16.2,86.34,2.41,0.0,91.99
2017-11-27,20.99,26.56,16.75,86.96,2.59,0.0,91.87
2017-11-28,20.48,26.23,16.13,84.07,2.34,0.0,91.84
2017-11-29,20.01,26.19,15.54,82.5,2.81,0.0,91.9
2017-11-30,20.44,24.27,17.07,91.3,3.66,0.0,91.74
2017-12-01,21.43,24.94,19.14,90.96,4.37,9.289237022399902,91.65
2017-12-02,18.97,20.35,17.22,91.0,3.38,6.923590183258057,91.78
2017-12-03,19.71,23.66,16.3,88.07,2.28,0.0,91.87
2017-12-04,20.9,26.17,16.59,86.52,1.75,0.0,91.78
2017-12-05,20.95,26.33,16.69,84.96,1.32,0.0,91.71
2017-12-06,21.31,26.89,17.11,83.84,1.22,0.0,91.66
2017-12-07,20.49,26.19,15.77,83.79,1.53,0.0,91.67
2017-12-08,19.16,26.46,13.01,70.13,1.61,0.0,91.71
2017-12-09,19.43,26.47,13.35,64.54,1.51,0.0,91.79
2017-12-10,19.08,25.63,13.8,72.26,1.8,0.0,91.9
2017-12-11,19.92,26.9,14.62,73.73,1.16,0.0,92.0
2017-12-12,20.41,26.45,14.34,82.06,1.02,0.0,92.0
2017-12-13,20.08,24.21,17.45,85.24,1.27,0.0,92.02
2017-12-14,20.37,26.44,16.14,81.1,1.76,0.0,92.02
2017-12-15,19.94,26.03,15.14,83.71,2.37,0.0,92.08
2017-12-16,19.58,25.4,15.62,83.36,2.89,0.0,92.15
2017-12-17,18.36,24.61,14.16,82.81,3.26,0.0,92.22
2017-12-18,17.86,24.44,12.97,83.36,2.6,0.0,92.23
2017-12-19,18.68,25.06,13.34,83.83,2.68,0.0,92.13
2017-12-20,18.54,25.72,13.03,80.63,2.59,0.0,92.18
2017-12-21,17.56,25.28,10.38,81.28,2.3,0.0,92.18
2017-12-22,19.03,25.04,14.75,81.19,2.51,0.0,92.06
2017-12-23,17.94,24.85,13.23,79.74,2.33,0.0,91.9
2017-12-24,17.67,24.76,12.57,79.3,2.11,0.0,91.88
2017-12-25,17.89,25.62,11.69,80.14,2.15,0.0,91.94
2017-12-26,17.78,25.1,12.26,77.8,2.3,0.0,91.98
2017-12-27,17.87,25.32,12.84,79.09,2.21,0.0,91.93
2017-12-28,16.77,24.38,12.02,76.6,2.22,0.0,91.9
2017-12-29,17.26,24.87,11.62,79.7,2.27,0.0,91.95
2017-12-30,18.05,23.99,13.82,79.64,1.97,0.0,91.92
2017-12-31,18.72,25.68,13.58,75.12,1.6,0.0,91.8
2018-01-01,19.98,26.26,14.46,73.07,0.88,0.0,91.67
2018-01-02,20.0,26.4,13.28,74.26,1.17,0.0,91.65
2018-01-03,20.18,26.81,14.56,73.81,1.28,0.0,91.79
2018-01-04,19.48,26.71,14.02,75.11,1.91,0.0,91.88
2018-01-05,18.11,26.05,12.17,71.16,1.78,0.0,91.78
2018-01-06,17.38,25.55,10.82,68.3,1.41,0.0,91.74
2018-01-07,17.64,25.54,11.69,64.28,1.49,0.0,91.77
2018-01-08,17.29,25.73,10.17,69.5,2.15,0.0,91.84
2018-01-09,19.01,25.83,12.99,75.96,2.59,0.0,92.0
2018-01-10,20.94,27.69,15.54,79.14,3.01,0.0,92.06
2018-01-11,22.02,28.56,16.54,78.5,2.38,0.0,92.03
2018-01-12,21.99,29.21,16.33,72.87,2.41,0.0,91.99
2018-01-13,20.57,28.18,15.32,71.2,1.99,0.0,91.94
2018-01-14,20.2,29.21,13.19,69.15,2.25,0.0,91.98
2018-01-15,21.11,29.66,14.73,68.7,2.44,0.0,91.97
2018-01-16,21.05,28.48,15.26,70.8,1.6,0.0,91.87
2018-01-17,20.06,28.24,14.2,67.42,1.96,0.0,91.85
2018-01-18,18.84,28.01,11.92,65.43,2.31,0.0,91.88
2018-01-19,18.35,27.72,11.66,66.76,2.17,0.0,91.93
2018-01-20,18.61,28.02,11.7,65.27,1.65,0.0,91.9
2018-01-21,18.84,28.25,12.12,64.87,2.08,0.0,91.79
2018-01-22,19.52,28.72,13.01,64.24,1.53,0.0,91.71
2018-01-23,20.62,28.37,13.63,69.62,1.38,0.0,91.7
2018-01-24,21.1,28.71,15.62,67.84,1.54,0.0,91.65
2018-01-25,20.44,28.91,14.43,57.04,1.77,0.0,91.62
2018-01-26,19.99,28.66,12.77,61.9,1.64,0.0,91.68
2018-01-27,20.24,28.55,14.11,66.14,1.55,0.0,91.72
2018-01-28,20.22,29.39,13.27,61.98,1.96,0.0,91.78
2018-01-29,20.11,29.54,12.22,62.19,2.49,0.0,91.92
2018-01-30,19.96,29.7,12.2,61.9,2.37,0.0,91.94
2018-01-31,19.81,29.63,12.3,57.64,2.16,0.0,91.98
2018-02-01,19.9,30.23,11.98,46.39,2.08,0.0,91.97
2018-02-02,20.0,30.64,11.97,47.66,2.04,0.0,91.86
2018-02-03,19.38,30.3,10.56,51.82,2.35,0.0,91.87
2018-02-04,18.78,28.98,10.66,55.39,2.12,0.0,91.88
2018-02-05,20.58,31.21,11.86,53.72,2.24,0.0,92.02
2018-02-06,22.64,31.76,13.91,62.7,1.88,0.0,92.0
2018-02-07,21.61,25.75,18.54,80.01,1.78,0.0,92.01
2018-02-08,22.2,28.22,16.18,62.74,0.95,0.9796891808509828,91.9
2018-02-09,22.77,28.68,16.87,68.79,0.95,0.0,91.85
2018-02-10,22.02,27.95,17.13,67.04,1.82,2.3105287551879883,91.95
2018-02-11,22.62,30.44,16.16,64.12,2.7,0.0,92.0
2018-02-12,22.73,29.72,18.09,62.15,2.54,0.0,92.1
2018-02-13,21.96,29.36,17.71,63.46,2.41,0.0,92.21
2018-02-14,22.05,30.26,17.12,61.38,3.2,0.0,92.25
2018-02-15,19.99,25.95,15.05,65.49,2.8,0.0,92.28
2018-02-16,21.28,29.99,14.32,55.86,2.27,0.0,92.17
2018-02-17,21.84,31.32,15.36,56.16,1.82,0.0,91.88
2018-02-18,22.13,32.63,13.51,53.24,2.12,0.0,91.79
2018-02-19,21.97,32.35,13.62,53.98,2.13,0.0,91.82
2018-02-20,22.39,32.32,14.54,56.38,2.54,0.0,91.82
2018-02-21,22.12,31.98,13.52,52.06,2.93,0.0,91.72
2018-02-22,22.62,32.43,14.57,47.27,2.51,0.0,91.7
2018-02-23,22.1,32.13,13.52,47.27,2.82,0.0,91.75
2018-02-24,21.67,32.23,12.47,48.04,2.58,0.0,91.88
2018-02-25,22.5,32.87,14.48,50.8,2.86,0.0,91.91
2018-02-26,22.87,33.26,13.59,42.32,2.32,0.0,91.84
2018-02-27,23.05,33.52,13.48,40.36,3.06,0.0,91.8
2018-02-28,23.69,33.88,14.98,32.5,3.13,0.0,91.79
2018-03-01,23.37,33.74,13.73,38.11,2.76,0.0,91.75
2018-03-02,23.95,34.4,14.6,34.72,2.97,0.0,91.73
2018-03-03,24.29,35.05,15.6,29.88,2.33,0.0,91.68
2018-03-04,24.27,35.0,14.85,29.78,2.56,0.0,91.66
2018-03-05,24.46,35.28,14.53,28.28,2.69,0.0,91.72
2018-03-06,24.5,35.73,14.12,32.64,2.52,0.0,91.77
2018-03-07,24.63,35.38,14.18,36.14,2.85,0.0,91.78
2018-03-08,25.12,35.46,15.6,33.59,3.0,0.0,91.79
2018-03-09,25.48,35.44,16.12,36.34,2.95,0.0,91.81
2018-03-10,25.87,35.03,16.8,38.2,3.11,0.0,91.81
2018-03-11,25.74,34.78,16.93,39.51,3.6,0.0,91.85
2018-03-12,25.48,34.28,17.09,44.21,3.81,0.0,91.9
2018-03-13,25.5,34.44,17.49,55.99,3.64,0.0,91.85
2018-03-14,25.5,32.7,20.31,55.75,2.97,0.0,91.8
2018-03-15,25.47,30.4,21.09,56.87,1.37,0.0,91.77
2018-03-16,25.06,30.81,21.24,67.08,1.02,1.9894431829452517,91.68
2018-03-17,24.81,31.08,18.87,67.49,1.91,22.74101448059082,91.7
2018-03-18,24.61,30.31,20.07,66.79,1.94,0.0,91.81
2018-03-19,25.2,34.1,19.17,53.76,2.9,0.0,91.92
2018-03-20,25.7,35.1,17.8,47.74,2.44,0.0,91.81
2018-03-21,26.14,34.79,17.12,48.21,1.26,0.0,91.76
2018-03-22,27.52,34.1,21.16,47.38,1.57,0.0,91.6
2018-03-23,27.68,35.74,21.25,40.02,2.38,0.0,91.57
2018-03-24,27.94,34.92,20.97,45.99,2.51,0.0,91.71
2018-03-25,27.99,36.52,20.65,42.85,3.55,0.0,91.87
2018-03-26,27.48,36.71,18.71,38.43,3.23,0.0,91.93
2018-03-27,27.7,37.34,18.87,36.82,1.7,0.0,91.79
2018-03-28,28.67,36.43,21.33,45.66,1.6,0.0,91.75
2018-03-29,28.7,34.13,21.66,43.57,1.03,0.0,91.72
2018-03-30,29.18,35.38,22.98,44.51,1.16,0.0,91.64
2018-03-31,27.37,32.73,23.27,54.25,1.8,6.160727500915527,91.63
2018-04-01,28.54,36.13,20.33,47.31,1.77,0.1125251427292823,91.58
2018-04-02,28.45,35.19,22.47,46.97,2.7,0.0,91.68
2018-04-03,28.83,36.58,21.05,44.32,2.38,7.509086608886719,91.62
2018-04-04,28.76,36.78,20.68,42.24,2.88,0.0,91.52
2018-04-05,27.88,36.1,19.85,46.54,3.27,0.0,91.47
2018-04-06,27.24,34.98,20.47,43.98,2.3,0.0,91.57
2018-04-07,28.27,36.66,19.87,42.38,2.84,0.0,91.64
2018-04-08,27.71,36.02,19.55,48.48,3.58,0.0,91.7
2018-04-09,27.59,35.68,19.48,48.21,3.27,0.0,91.72
2018-04-10,28.07,35.93,20.51,47.09,3.16,0.0,91.64
2018-04-11,28.42,35.36,21.36,48.24,2.07,0.0,91.65
2018-04-12,29.18,36.64,22.1,47.71,2.78,0.0,91.56
2018-04-13,29.05,35.74,21.96,47.7,3.03,0.0,91.62
2018-04-14,29.82,37.72,22.03,45.86,2.95,0.0,91.57
2018-04-15,29.82,37.69,22.67,49.53,3.37,0.0,91.62
2018-04-16,30.18,37.65,23.09,46.64,2.63,0.0,91.69
2018-04-17,30.16,38.49,22.47,44.6,3.0,4.691768169403076,91.75
2018-04-18,30.42,38.44,22.23,39.46,2.65,0.0,91.69
2018-04-19,29.69,35.6,23.1,44.83,1.79,0.0,91.57
2018-04-20,28.74,33.79,23.8,48.25,1.84,0.3366080224514007,91.57
2018-04-21,28.12,35.08,21.9,57.28,1.59,15.1425142288208,91.57
2018-04-22,28.72,35.56,22.53,54.28,2.25,0.0,91.59
2018-04-23,28.66,35.07,23.33,56.21,1.76,1.2688777446746826,91.62
2018-04-24,28.3,34.83,23.43,50.88,1.52,0.0,91.64
2018-04-25,28.19,35.14,20.94,56.17,1.65,1.2024983167648315,91.55
2018-04-26,28.53,35.61,21.74,53.52,1.77,0.1548019349575042,91.48
2018-04-27,28.33,35.45,21.8,51.97,2.68,2.26692271232605,91.6
2018-04-28,28.73,36.97,22.05,51.78,2.91,0.0,91.69
2018-04-29,30.44,38.2,23.12,44.33,1.56,0.0,91.57
2018-04-30,29.48,37.04,24.23,50.63,2.54,0.0,91.49
2018-05-01,28.7,36.1,22.2,59.75,1.87,23.76775932312012,91.53
2018-05-02,28.58,35.24,22.72,59.96,1.69,0.0,91.57
2018-05-03,28.42,35.96,23.45,61.41,2.0,0.2064025998115539,91.59
2018-05-04,26.69,33.07,22.59,66.49,2.25,26.993791580200195,91.63
2018-05-05,27.15,34.62,20.32,59.41,2.38,0.0,91.71
2018-05-06,27.78,36.19,20.36,58.69,2.36,0.0,91.73
2018-05-07,27.79,35.01,21.17,61.24,2.38,0.0,91.64
2018-05-08,26.59,32.57,22.42,65.77,2.11,0.0,91.56
2018-05-09,25.2,29.97,21.22,70.73,2.08,0.1047085672616958,91.65
2018-05-10,25.65,31.5,21.06,68.37,1.31,0.0,91.74
2018-05-11,25.83,32.16,20.64,72.99,1.46,31.90298080444336,91.68
2018-05-12,26.13,31.71,21.13,70.97,1.32,22.132856369018555,91.62
2018-05-13,26.31,31.51,21.71,68.36,1.45,0.3938379883766174,91.6
2018-05-14,23.97,26.89,21.53,76.81,1.46,17.939897537231445,91.66
2018-05-15,25.28,32.11,19.81,63.8,1.95,4.779057502746582,91.56
2018-05-16,26.08,33.29,19.29,62.31,1.3,8.061269760131836,91.46
2018-05-17,26.78,33.04,20.67,65.0,1.19,0.0,91.44
2018-05-18,25.43,31.01,21.2,73.14,2.02,0.0,91.46
2018-05-19,26.77,33.15,20.91,66.72,1.31,12.543193817138672,91.39
2018-05-20,26.61,32.31,21.34,69.62,1.81,12.087876319885254,91.43
2018-05-21,26.33,32.06,20.83,68.48,1.41,0.9564636945724488,91.47
2018-05-22,26.23,32.28,21.37,69.7,1.73,10.790457725524902,91.48
2018-05-23,27.64,34.12,21.08,61.35,1.2,0.0,91.39
2018-05-24,26.68,32.6,21.42,68.51,2.33,8.044037818908691,91.31
2018-05-25,25.62,30.38,21.51,75.11,2.31,0.0,91.28
2018-05-26,25.86,32.01,21.3,72.9,2.11,21.29608726501465,91.27
2018-05-27,25.65,31.14,21.16,73.88,2.56,7.733131408691406,91.25
2018-05-28,26.11,31.03,21.57,71.66,1.47,0.0,91.12
2018-05-29,26.12,32.14,20.93,72.09,3.31,0.0,91.18
2018-05-30,25.63,29.57,22.04,78.73,2.39,0.0,91.24
2018-05-31,25.95,30.19,22.04,78.29,1.56,27.90059280395508,91.35
2018-06-01,24.99,29.11,22.2,81.1,1.43,0.0,91.48
2018-06-02,25.28,30.01,21.03,74.37,1.07,13.509078025817873,91.49
2018-06-03,24.01,28.45,21.13,82.92,2.25,17.05743980407715,91.4
2018-06-04,23.81,27.3,21.74,82.82,2.15,2.465724468231201,91.33
2018-06-05,24.91,30.58,20.32,72.43,3.2,0.0,91.37
2018-06-06,25.06,31.45,19.99,70.47,3.78,1.393087387084961,91.55
2018-06-07,23.6,28.51,20.3,79.4,4.97,0.0,91.47
2018-06-08,23.42,27.12,20.69,77.87,6.04,3.836116552352905,91.28
2018-06-09,23.29,27.72,19.81,76.37,6.64,1.9762518405914309,91.2
2018-06-10,24.24,29.41,19.15,77.86,5.8,0.7540457248687744,91.33
2018-06-11,24.64,28.62,21.68,79.27,5.56,2.101567268371582,91.41
2018-06-12,24.65,29.03,21.58,78.68,5.24,0.0,91.4
2018-06-13,24.66,28.95,21.14,78.4,4.94,0.0,91.45
2018-06-14,24.46,30.37,20.6,70.04,4.31,1.2040387392044067,91.52
2018-06-15,24.46,31.75,19.28,69.1,3.72,2.7270281314849854,91.57
2018-06-16,23.55,31.05,18.21,63.8,4.33,8.510784149169922,91.68
2018-06-17,23.22,30.78,17.49,67.28,4.44,6.410131931304932,91.64
2018-06-18,23.15,29.69,17.98,72.61,4.66,2.519903421401977,91.56
2018-06-19,23.91,28.95,20.41,77.62,4.83,4.18126916885376,91.47
2018-06-20,23.95,27.8,20.59,77.89,4.73,0.0,91.42
2018-06-21,24.09,29.73,20.05,75.01,4.45,0.0,91.38
2018-06-22,23.4,28.6,19.21,74.32,4.27,0.0,91.39
2018-06-23,23.39,29.28,18.79,77.34,3.73,0.3715470731258392,91.38
2018-06-24,23.21,29.18,19.06,72.03,4.21,13.121173858642578,91.5
2018-06-25,22.89,28.97,18.25,70.68,4.34,0.0,91.46
2018-06-26,23.17,29.62,18.34,74.39,5.02,0.0,91.34
2018-06-27,23.52,28.98,20.16,78.46,4.75,0.0,91.28
2018-06-28,23.44,27.95,20.21,77.71,4.36,4.493639945983887,91.36
2018-06-29,23.65,29.61,19.99,73.2,3.5,0.0,91.4
2018-06-30,23.83,29.63,18.72,66.08,3.04,0.0,91.48
2018-07-01,24.26,30.86,19.4,68.32,2.59,0.2702427506446838,91.51
2018-07-02,23.7,30.57,18.84,73.49,3.6,0.0,91.5
2018-07-03,22.72,26.97,19.53,77.81,3.05,0.5269533395767212,91.56
2018-07-04,24.05,30.6,19.2,72.97,3.95,0.0,91.58
2018-07-05,24.19,30.94,19.44,71.0,4.63,0.0,91.56
2018-07-06,23.52,28.58,19.76,76.58,4.43,0.0,91.48
2018-07-07,22.91,27.55,20.23,78.98,4.21,0.2295411527156829,91.35
2018-07-08,23.33,27.09,19.82,75.7,4.69,0.0,91.29
2018-07-09,23.76,28.9,19.58,75.52,4.57,0.9308307766914368,91.29
2018-07-10,23.26,28.54,19.51,73.86,4.68,1.0550169944763184,91.39
2018-07-11,23.05,27.75,19.44,79.96,5.56,24.561298370361328,91.4
2018-07-12,23.79,28.98,20.11,75.65,6.22,6.696091651916504,91.35
2018-07-13,23.02,27.06,20.0,79.41,5.3,0.0,91.33
2018-07-14,23.41,27.11,20.31,79.0,5.42,2.5128793716430664,91.26
2018-07-15,24.05,29.46,20.16,74.59,6.1,1.1897876262664795,91.22
2018-07-16,22.78,27.28,19.99,77.77,6.23,0.0,91.3
2018-07-17,23.7,29.73,19.42,74.1,6.4,0.6780133247375488,91.33
2018-07-18,23.76,29.43,19.59,75.14,5.38,0.0,91.38
2018-07-19,24.58,30.66,20.36,74.64,5.21,0.0,91.38
2018-07-20,24.17,29.78,20.89,74.61,5.81,0.0,91.38
2018-07-21,23.91,28.61,20.43,75.11,5.51,0.0,91.48
2018-07-22,24.76,31.19,20.19,70.41,5.47,0.0,91.44
2018-07-23,24.49,30.54,20.18,73.7,5.05,0.0,91.4
2018-07-24,23.98,30.18,19.6,76.85,4.61,11.870147705078123,91.53
2018-07-25,24.45,30.98,19.59,74.43,4.48,2.890180826187134,91.54
2018-07-26,24.85,31.8,19.92,72.1,4.29,0.7321190237998962,91.57
2018-07-27,24.49,30.96,19.88,72.47,4.56,1.6098573207855225,91.55
2018-07-28,24.58,30.79,19.69,73.18,4.22,0.1073238179087638,91.47
2018-07-29,24.43,29.52,20.15,74.29,3.91,7.855979919433594,91.41
2018-07-30,24.27,29.96,20.05,74.92,3.81,0.1477938890457153,91.43
2018-07-31,23.33,27.61,20.25,79.31,4.29,3.478093385696411,91.49
2018-08-01,23.59,29.16,19.36,76.81,4.25,5.994778633117676,91.56
2018-08-02,24.04,30.08,19.19,73.62,3.99,7.750017166137695,91.65
2018-08-03,23.42,29.61,19.1,72.98,4.36,0.0,91.71
2018-08-04,23.22,28.86,19.07,75.12,4.27,0.8361380696296692,91.67
2018-08-05,24.21,30.58,19.9,71.19,4.63,0.0,91.63
2018-08-06,23.9,30.35,19.41,71.98,5.42,0.1672276109457016,91.51
2018-08-07,22.86,28.19,19.17,75.97,5.38,9.668522834777832,91.39
2018-08-08,23.63,30.06,19.72,75.63,4.97,1.909360766410828,91.37
2018-08-09,23.81,30.2,19.72,73.59,4.85,6.54823637008667,91.57
2018-08-10,22.83,27.76,19.43,78.16,4.25,0.1175536662340164,91.7
2018-08-11,23.45,29.52,19.23,74.99,5.65,3.070646047592163,91.55
2018-08-12,22.24,26.84,19.42,78.69,5.52,1.0296857357025146,91.45
2018-08-13,22.97,29.24,18.19,71.62,6.2,2.1895461082458496,91.48
2018-08-14,22.57,27.55,18.9,81.91,5.44,1.157330870628357,91.36
2018-08-15,23.29,27.55,20.95,83.4,4.95,6.227280139923096,91.26
2018-08-16,23.46,28.38,20.52,76.91,6.39,15.251632690429688,91.29
2018-08-17,24.51,30.78,20.44,71.87,6.46,0.2006731480360031,91.25
2018-08-18,24.07,30.43,19.67,72.26,5.6,0.0,91.31
2018-08-19,24.59,31.37,19.44,69.7,5.43,0.3526610136032104,91.32
2018-08-20,23.87,29.97,19.1,71.55,5.48,0.0,91.39
2018-08-21,24.46,31.69,19.34,69.62,5.0,0.4702146649360657,91.5
2018-08-22,24.15,30.81,18.83,69.13,4.35,0.0,91.56
2018-08-23,24.41,31.14,19.79,71.71,4.03,0.0,91.59
2018-08-24,23.73,29.84,19.16,75.28,3.75,4.126651763916016,91.58
2018-08-25,23.62,29.37,19.07,75.23,3.39,25.551149368286133,91.55
2018-08-26,24.03,30.86,19.15,72.47,3.85,0.0,91.45
2018-08-27,23.82,30.34,19.07,73.01,4.32,7.06668758392334,91.47
2018-08-28,23.69,30.22,18.75,73.34,3.8,1.7280380725860596,91.48
2018-08-29,23.96,30.39,18.96,72.7,3.64,4.841281414031982,91.57
2018-08-30,24.49,31.55,19.1,72.65,3.65,1.5782887935638428,91.51
2018-08-31,24.46,31.4,19.47,71.66,3.84,20.34254646301269,91.54
2018-09-01,23.91,29.51,19.39,72.74,2.66,0.0,91.66
2018-09-02,24.95,31.97,19.16,66.87,3.11,0.0,91.66
2018-09-03,23.22,28.52,18.95,69.67,2.56,0.0,91.68
2018-09-04,24.93,32.47,18.76,65.54,2.81,0.0,91.68
2018-09-05,24.05,29.91,19.17,67.84,3.13,0.0,91.64
2018-09-06,24.44,31.63,18.57,66.49,3.71,0.0,91.53
2018-09-07,24.33,31.69,18.19,66.33,3.75,0.0,91.6
2018-09-08,24.73,32.08,18.55,65.75,3.3,0.0,91.59
2018-09-09,25.37,31.95,18.74,66.03,1.47,0.0,91.61
2018-09-10,24.91,31.62,18.6,69.43,1.32,0.0,91.76
2018-09-11,25.98,32.49,20.71,68.42,1.13,0.0,91.78
2018-09-12,24.05,28.87,21.45,75.29,1.83,0.0,91.69
2018-09-13,25.91,33.3,17.94,62.4,1.44,0.0,91.6
2018-09-14,25.77,32.91,18.9,63.7,1.01,1.1819589138031006,91.62
2018-09-15,24.67,30.24,20.31,74.0,1.44,22.55154037475586,91.69
2018-09-16,23.88,28.54,20.28,80.16,2.03,7.605023384094238,91.56
2018-09-17,23.21,28.46,19.85,79.95,3.04,40.811614990234375,91.51
2018-09-18,23.66,29.72,19.15,75.89,2.96,5.216308116912842,91.53
2018-09-19,22.71,27.81,18.85,73.37,3.45,0.0,91.53
2018-09-20,22.96,29.56,17.95,76.54,2.67,0.0,91.32
2018-09-21,23.09,27.93,19.09,78.94,2.6,9.202753067016602,91.38
2018-09-22,23.84,31.76,17.02,67.34,2.11,0.0,91.63
2018-09-23,24.19,30.21,18.84,75.87,0.96,0.0,91.83
2018-09-24,23.46,26.91,20.65,82.35,1.17,23.77487564086914,91.82
2018-09-25,24.35,30.14,19.26,77.37,0.95,13.14730453491211,91.69
2018-09-26,24.22,29.85,19.94,79.58,1.74,1.3721061944961548,91.59
2018-09-27,24.59,30.68,19.55,75.41,1.64,22.872690200805664,91.57
2018-09-28,24.33,30.12,19.89,78.52,1.83,1.867531895637512,91.59
2018-09-29,24.83,30.73,19.91,74.97,2.27,2.3367981910705566,91.6
2018-09-30,25.49,32.32,19.99,72.01,2.14,0.0,91.6
2018-10-01,25.23,32.03,20.01,72.35,2.7,0.7265312075614929,91.61
2018-10-02,25.07,31.23,20.21,71.94,2.23,0.0,91.68
2018-10-03,24.39,31.56,19.51,75.13,2.12,0.0,91.67
2018-10-04,23.2,28.4,20.07,79.07,2.68,10.59132957458496,91.68
2018-10-05,22.72,27.06,19.48,82.44,3.13,13.186159133911133,91.68
2018-10-06,23.09,28.26,19.62,82.04,3.0,1.7948325872421265,91.67
2018-10-07,23.9,30.05,18.99,76.06,2.09,3.210513114929199,91.64
2018-10-08,24.36,30.65,20.06,70.86,1.68,0.0,91.61
2018-10-09,23.59,29.09,18.65,73.44,1.48,8.233379364013672,91.56
2018-10-10,23.28,30.35,17.93,62.06,2.19,0.0,91.54
2018-10-11,24.08,31.75,15.67,50.49,1.68,0.0,91.55
2018-10-12,24.14,31.69,17.64,66.05,1.75,0.0,91.63
2018-10-13,25.29,32.43,19.1,59.17,0.66,0.0,91.75
2018-10-14,24.53,30.41,19.5,74.67,0.85,0.0,91.84
2018-10-15,23.98,28.56,20.97,79.33,1.23,5.411050319671631,91.88
2018-10-16,23.61,28.76,19.53,79.63,1.49,1.6937439441680908,91.95
2018-10-17,22.26,25.71,20.09,83.48,1.39,0.6578494906425476,91.92
2018-10-18,22.49,27.32,18.12,78.33,0.7,22.365135192871094,91.86
2018-10-19,23.25,29.04,18.79,76.3,1.4,0.479098379611969,91.85
2018-10-20,23.01,30.11,17.46,65.69,1.85,0.0,91.91
2018-10-21,23.55,30.92,17.46,68.88,1.93,0.0,91.94
2018-10-22,22.68,30.94,16.26,61.35,2.12,0.0,91.92
2018-10-23,22.87,31.52,16.18,61.66,2.07,0.0,91.92
2018-10-24,22.59,30.98,15.62,64.41,2.22,0.0,91.9
2018-10-25,22.83,31.47,14.64,64.74,2.83,0.0,91.97
2018-10-26,23.14,31.16,16.52,66.57,2.99,0.0,92.0
2018-10-27,22.76,31.11,16.84,61.97,2.7,0.0,91.98
2018-10-28,21.98,30.72,15.04,60.78,2.83,0.0,91.9
2018-10-29,21.74,31.05,14.77,49.63,2.24,0.0,91.77
2018-10-30,22.37,31.78,14.43,52.88,1.96,0.0,91.7
2018-10-31,23.83,32.06,16.65,69.78,2.62,0.0,91.72
2018-11-01,24.09,31.12,19.44,73.04,2.76,0.0,91.7
2018-11-02,23.15,29.66,19.44,77.86,2.83,0.0,91.73
2018-11-03,23.5,30.46,19.16,76.73,3.07,0.4357804656028747,91.81
2018-11-04,23.91,32.01,17.96,72.03,3.07,1.7148244380950928,91.86
2018-11-05,24.39,32.02,19.07,65.66,3.08,0.0,91.87
2018-11-06,22.87,28.55,17.94,68.37,2.24,0.0,91.94
2018-11-07,22.57,31.77,15.99,58.65,2.51,0.0,91.92
2018-11-08,22.51,31.93,13.09,59.15,2.35,0.0,91.83
2018-11-09,23.31,31.99,16.64,62.15,2.58,0.0,91.76
2018-11-10,22.85,31.72,16.55,61.87,2.04,0.0,91.82
2018-11-11,22.56,31.35,16.15,60.55,1.87,0.0,91.88
2018-11-12,22.17,31.2,15.74,52.5,1.95,0.0,91.8
2018-11-13,21.75,31.24,15.83,40.71,1.6,0.0,91.67
2018-11-14,21.98,32.02,14.68,37.35,1.57,0.0,91.64
2018-11-15,22.24,30.52,14.38,61.92,2.83,0.0,91.73
2018-11-16,22.9,28.1,19.4,78.38,3.6,0.4438946545124054,91.74
2018-11-17,24.09,30.68,19.24,71.72,2.17,0.2097760140895843,91.8
2018-11-18,24.72,31.81,19.66,70.78,2.1,0.0,91.83
2018-11-19,25.16,32.74,19.66,66.15,2.57,0.2210514396429062,91.92
2018-11-20,24.08,31.06,19.02,66.14,3.02,0.0,91.98
2018-11-21,21.32,26.49,17.68,78.8,3.47,0.0,91.95
2018-11-22,21.72,27.27,18.81,81.47,3.45,0.0,91.95
2018-11-23,22.68,28.7,18.93,81.55,2.77,0.6717396974563599,92.08
2018-11-24,23.58,31.02,18.41,70.01,2.37,19.781139373779297,92.16
2018-11-25,23.5,31.48,18.4,67.52,2.03,0.0,92.06
2018-11-26,22.22,30.94,16.39,64.59,2.28,0.0,91.92
2018-11-27,20.43,29.2,14.55,63.92,2.41,0.0,91.99
2018-11-28,21.0,30.14,13.92,67.27,2.75,0.0,92.0
2018-11-29,22.45,30.3,16.21,71.51,2.64,0.0,92.07
2018-11-30,22.78,31.1,17.01,67.0,2.22,0.0,92.06
2018-12-01,22.0,30.52,16.35,64.51,2.27,0.0,91.9
2018-12-02,21.66,30.16,15.42,65.63,2.36,0.0,91.78
2018-12-03,22.72,30.84,17.02,65.92,2.71,0.0,91.83
2018-12-04,21.18,25.4,17.29,82.9,2.01,0.0,91.93
2018-12-05,23.11,29.8,18.36,76.96,1.29,4.87653112411499,91.87
2018-12-06,24.41,31.69,19.6,66.24,2.34,0.0,91.75
2018-12-07,23.73,31.44,18.38,65.33,2.69,0.0,91.81
2018-12-08,23.43,30.81,17.69,67.43,2.91,0.0,91.9
2018-12-09,23.18,31.22,16.98,63.51,2.57,0.0,91.88
2018-12-10,23.51,31.3,17.38,63.67,1.55,0.0,91.85
2018-12-11,23.26,31.79,16.13,62.18,1.75,0.0,91.85
2018-12-12,23.6,31.54,17.39,61.74,1.35,0.0,91.94
2018-12-13,23.47,31.09,17.57,62.48,1.79,0.0,91.98
2018-12-14,23.17,30.54,16.59,57.02,2.69,0.0,91.97
2018-12-15,21.94,29.69,16.13,62.83,3.62,0.0,91.96
2018-12-16,20.43,27.14,15.56,62.34,3.0,0.0,91.94
2018-12-17,21.07,30.4,13.38,53.66,2.42,0.0,91.88
2018-12-18,20.96,30.5,12.72,41.97,2.09,0.0,91.94
2018-12-19,19.26,26.08,13.02,62.05,1.42,0.0,91.99
2018-12-20,21.6,30.28,14.33,60.99,1.75,0.0,91.97
2018-12-21,23.34,31.63,16.45,61.32,1.66,0.0,91.92
2018-12-22,23.87,32.18,16.58,61.12,2.46,0.0,91.89
2018-12-23,24.33,31.81,18.39,63.69,2.92,0.0,91.95
2018-12-24,24.54,32.17,18.76,59.08,2.54,0.0,91.94
2018-12-25,24.17,32.71,17.5,56.54,2.37,0.0,91.95
2018-12-26,23.86,32.97,16.54,54.42,1.63,0.0,91.93
2018-12-27,23.88,31.8,16.72,54.58,1.82,0.0,91.87
2018-12-28,22.97,29.51,16.38,57.72,1.54,0.0,91.83
2018-12-29,22.65,30.86,16.63,56.31,2.68,3.0399577617645264,92.0
2018-12-30,20.91,29.74,14.78,57.29,2.86,0.0,92.16
2018-12-31,20.9,29.67,14.95,52.87,2.68,0.0,92.24
2019-01-01,19.39,30.31,10.27,47.59,2.5,0.0,92.24
2019-01-02,19.22,30.3,9.86,49.99,2.89,0.0,92.25
2019-01-03,19.63,30.61,11.18,49.04,2.76,0.0,92.3
2019-01-04,19.57,29.92,10.35,51.83,3.11,0.0,92.24
2019-01-05,19.89,31.27,10.88,52.66,2.38,0.0,92.12
2019-01-06,20.9,32.42,12.72,52.72,2.15,0.0,91.98
2019-01-07,21.08,32.0,13.21,51.33,2.47,0.0,91.93
2019-01-08,21.1,31.52,13.02,45.71,2.25,0.0,91.97
2019-01-09,21.1,32.38,12.33,45.27,2.31,0.0,91.95
2019-01-10,21.26,32.62,12.85,49.96,2.35,0.0,91.93
2019-01-11,21.44,32.37,13.49,51.42,1.87,0.0,92.0
2019-01-12,21.56,31.88,14.03,53.2,2.39,0.0,91.99
2019-01-13,21.27,32.15,12.56,46.41,2.03,0.0,92.0
2019-01-14,20.96,31.56,11.85,46.86,2.26,0.0,91.96
2019-01-15,20.81,31.53,11.4,40.55,2.76,0.0,92.0
2019-01-16,21.07,31.58,11.99,49.88,2.61,0.0,92.03
2019-01-17,21.62,31.51,14.25,54.83,2.73,0.0,91.93
2019-01-18,21.4,31.34,13.67,54.26,2.86,0.0,91.93
2019-01-19,21.18,31.68,13.33,48.29,2.8,0.0,92.0
2019-01-20,20.87,32.0,12.18,46.93,2.67,0.0,92.08
2019-01-21,21.09,32.45,11.1,46.58,2.5,0.0,92.0
2019-01-22,21.51,32.08,13.57,49.54,1.38,0.0,91.96
2019-01-23,22.62,31.98,15.47,54.38,1.6,0.0,91.93
2019-01-24,23.27,31.95,16.5,54.09,2.15,0.0,91.98
2019-01-25,24.02,31.85,17.33,57.45,2.91,0.0,91.94
2019-01-26,24.74,31.51,18.9,59.07,2.52,0.0,91.94
2019-01-27,23.85,30.46,19.2,64.32,2.56,0.0,91.99
2019-01-28,23.08,30.53,18.85,66.06,2.34,0.1512457132339477,92.03
2019-01-29,21.44,27.89,17.12,67.19,2.75,0.6398613452911377,92.12
2019-01-30,21.44,29.68,15.8,59.51,2.61,0.0,92.1
2019-01-31,20.89,30.28,13.11,55.22,2.73,0.0,92.06
2019-02-01,21.46,30.05,15.03,58.57,2.29,0.0,92.03
2019-02-02,22.51,30.98,15.71,55.15,2.35,0.0,91.95
2019-02-03,23.25,31.79,15.99,55.21,2.34,0.0,92.03
2019-02-04,24.19,32.95,16.98,54.52,3.08,0.0,92.17
2019-02-05,23.45,31.49,16.44,54.81,2.78,0.0,92.15
2019-02-06,24.28,33.26,15.51,48.04,2.35,0.0,91.93
2019-02-07,25.01,33.67,16.6,51.73,2.66,0.0,91.91
2019-02-08,25.99,34.06,17.8,51.21,1.82,0.0,91.95
2019-02-09,25.92,32.92,19.99,55.73,1.84,0.0,91.98
2019-02-10,22.89,26.94,20.59,77.58,2.27,51.43364334106445,92.1
2019-02-11,23.8,30.34,18.82,66.81,3.7,0.7682359218597412,92.13
2019-02-12,23.04,31.55,16.36,60.17,3.95,0.0,92.22
2019-02-13,22.92,32.0,15.59,58.2,3.38,0.0,92.25
2019-02-14,23.71,32.55,14.37,57.93,3.08,0.0,92.03
2019-02-15,24.88,32.77,17.09,58.93,1.58,0.0,92.02
2019-02-16,25.62,32.95,18.91,55.77,1.88,0.0,92.0
2019-02-17,25.73,33.75,19.12,49.13,2.02,0.0,91.89
2019-02-18,25.46,34.78,17.63,35.37,1.19,0.0,91.76
2019-02-19,27.0,34.82,20.03,55.5,3.14,0.0,91.85
2019-02-20,26.0,34.81,19.42,52.57,3.74,0.0,92.09
2019-02-21,24.59,33.48,17.12,50.06,3.57,0.0,92.25
2019-02-22,24.11,34.57,14.7,38.78,3.44,0.0,92.07
2019-02-23,24.77,35.53,15.43,29.76,3.35,0.0,91.91
2019-02-24,25.2,35.67,15.47,32.28,3.27,0.0,91.78
2019-02-25,25.26,36.24,14.85,32.77,2.09,0.0,91.7
2019-02-26,25.89,35.48,15.75,37.6,1.67,0.0,91.63
2019-02-27,27.58,35.77,18.98,44.95,1.95,0.0,91.57
2019-02-28,27.18,34.86,21.42,37.1,1.9,0.0,91.62
2019-03-01,28.17,36.12,20.07,49.33,2.1,0.0,91.65
2019-03-02,27.78,35.28,21.68,51.76,3.4,0.0,91.77
2019-03-03,27.36,34.43,20.14,50.39,2.06,0.0,91.74
2019-03-04,28.5,36.16,19.82,45.33,1.94,0.0,91.65
2019-03-05,30.15,37.03,22.14,34.61,1.47,0.0,91.59
2019-03-06,29.71,37.19,22.12,29.14,1.62,0.0,91.65
2019-03-07,29.69,38.97,21.89,23.99,1.43,0.0,91.58
2019-03-08,29.33,37.49,21.65,34.2,1.71,0.0,91.68
2019-03-09,29.17,35.57,22.17,44.65,2.73,0.0,91.85
2019-03-10,29.63,36.49,22.51,42.87,2.68,0.0,91.87
2019-03-11,28.86,36.35,22.83,38.47,3.5,0.0,91.96
2019-03-12,27.44,35.99,19.35,36.17,3.08,0.0,92.0
2019-03-13,26.95,35.76,18.5,30.31,3.59,0.0,92.03
2019-03-14,27.01,36.21,18.06,29.49,3.66,0.0,92.0
2019-03-15,27.0,36.04,18.52,30.3,3.37,0.0,91.97
2019-03-16,26.5,36.07,16.89,34.67,3.34,0.0,91.96
2019-03-17,26.16,36.06,15.99,36.41,2.61,0.0,91.92
2019-03-18,27.1,36.19,18.13,46.42,2.5,0.0,91.9
2019-03-19,28.42,36.57,19.17,45.32,2.53,0.0,91.74
2019-03-20,28.45,36.08,21.17,42.4,3.42,0.0,91.72
2019-03-21,28.18,36.31,19.85,37.47,2.43,0.0,91.82
2019-03-22,28.47,37.06,19.08,38.41,2.09,0.0,91.87
2019-03-23,29.53,37.68,20.56,40.52,2.07,0.0,91.82
2019-03-24,30.09,38.51,22.39,31.9,3.01,0.0,91.75
2019-03-25,29.12,38.07,20.56,35.09,3.2,0.0,91.76
2019-03-26,28.71,37.4,20.28,35.38,3.13,0.0,91.88
2019-03-27,28.8,38.06,20.35,30.99,2.97,0.0,91.98
2019-03-28,29.07,39.11,19.36,32.74,3.01,0.0,91.9
2019-03-29,29.96,38.98,20.24,25.75,2.13,0.0,91.72
2019-03-30,29.76,38.18,21.4,28.82,2.69,0.0,91.72
2019-03-31,29.99,38.4,21.37,28.85,2.14,0.0,91.77
2019-04-01,30.39,38.46,21.74,26.92,2.72,0.0,91.75
2019-04-02,30.11,38.27,21.01,33.38,2.6,0.0,91.73
2019-04-03,29.93,37.9,21.75,35.5,3.42,0.0,91.72
2019-04-04,28.76,37.44,19.6,34.85,3.26,0.0,91.87
2019-04-05,29.49,38.17,20.39,39.08,2.74,0.0,91.87
2019-04-06,29.47,38.13,20.82,32.64,2.86,0.0,91.83
2019-04-07,29.43,37.2,21.16,33.61,2.74,0.0,91.73
2019-04-08,29.83,38.3,20.72,42.81,2.63,0.0,91.63
2019-04-09,29.94,36.8,23.18,44.05,2.34,5.64563512802124,91.7
2019-04-10,30.74,37.97,23.7,38.23,3.3,0.4419326782226562,91.73
2019-04-11,29.09,36.2,21.51,39.5,1.9,0.0,91.7
2019-04-12,30.47,38.87,22.22,31.0,2.38,0.0,91.64
2019-04-13,29.62,37.88,20.85,34.78,2.85,0.0,91.67
2019-04-14,29.81,38.8,21.11,28.78,3.38,0.0,91.71
2019-04-15,29.21,38.14,20.36,25.55,2.28,0.0,91.71
2019-04-16,30.22,38.3,21.28,34.87,2.26,0.0,91.68
2019-04-17,29.01,35.69,22.91,49.81,2.0,0.0,91.76
2019-04-18,29.4,35.68,24.34,48.32,2.23,13.18366527557373,91.71
2019-04-19,29.3,36.91,22.82,51.72,1.54,17.98167610168457,91.61
2019-04-20,27.12,33.68,22.9,62.65,2.06,0.0,91.54
2019-04-21,27.73,34.89,21.36,59.89,1.77,0.0,91.48
2019-04-22,28.29,35.36,22.62,54.86,2.04,0.0,91.48
2019-04-23,26.47,31.79,20.87,57.91,2.43,0.0,91.64
2019-04-24,28.55,36.71,20.74,44.22,2.8,0.2047854363918304,91.66
2019-04-25,28.61,37.42,20.22,37.87,2.38,0.0,91.67
2019-04-26,29.78,38.87,20.5,41.16,3.03,0.0,91.56
2019-04-27,29.8,39.01,20.58,38.71,2.58,0.0,91.53
2019-04-28,30.09,38.43,22.88,41.63,2.62,0.0,91.53
2019-04-29,30.09,37.76,22.79,40.32,1.93,0.0,91.53
2019-04-30,29.22,36.57,23.64,55.06,2.76,0.0,91.44
2019-05-01,26.95,33.5,22.07,65.41,3.48,22.20054054260254,91.36
2019-05-02,27.7,37.0,20.19,55.45,3.77,0.0,91.37
2019-05-03,28.06,36.69,20.92,55.63,3.12,0.0,91.47
2019-05-04,27.8,35.85,19.72,52.89,2.17,0.0,91.7
2019-05-05,28.99,36.46,21.34,54.3,1.3,0.0,91.77
2019-05-06,29.32,35.74,23.79,54.01,1.22,0.0,91.66
2019-05-07,28.0,35.54,23.52,59.92,2.73,0.0,91.62
2019-05-08,25.87,31.2,21.89,71.34,3.37,22.427749633789062,91.66
2019-05-09,27.74,34.96,20.29,60.19,2.63,0.0,91.55
2019-05-10,28.93,36.63,20.47,54.59,2.17,0.0,91.52
2019-05-11,28.89,35.98,22.11,55.87,1.41,0.0,91.64
2019-05-12,29.02,35.27,23.26,57.21,1.12,6.1065993309021,91.59
2019-05-13,28.8,35.2,22.07,58.32,1.41,0.0,91.54
2019-05-14,28.12,34.15,22.86,58.69,2.08,3.5587146282196045,91.55
2019-05-15,27.98,33.62,22.78,63.19,1.77,0.0,91.61
2019-05-16,28.95,35.73,22.61,58.54,1.43,8.897656440734863,91.66
2019-05-17,27.67,32.95,23.41,63.83,1.08,0.9158663153648376,91.68
2019-05-18,28.2,35.51,21.07,60.42,1.42,19.07240867614746,91.56
2019-05-19,29.95,36.89,23.19,52.18,1.59,0.0,91.55
2019-05-20,29.38,36.36,23.11,50.65,1.94,0.3230684399604797,91.62
2019-05-21,29.47,37.48,21.95,44.78,2.03,0.0,91.62
2019-05-22,28.14,33.63,23.3,60.99,1.56,0.0,91.6
2019-05-23,27.82,32.92,22.64,63.8,1.15,12.007575035095217,91.58
2019-05-24,28.73,35.34,22.68,61.78,1.41,3.454821825027466,91.58
2019-05-25,27.45,32.74,22.64,67.34,2.98,1.2377557754516602,91.52
2019-05-26,27.23,32.82,22.21,70.72,2.37,17.085180282592773,91.45
2019-05-27,28.51,34.84,22.67,64.19,1.82,15.25845718383789,91.42
2019-05-28,29.42,35.31,23.51,57.83,1.4,0.0,91.38
2019-05-29,25.79,30.14,22.94,74.72,2.72,2.6700894832611084,91.41
2019-05-30,26.34,32.51,22.27,69.01,2.19,0.0,91.38
2019-05-31,25.04,28.34,21.95,77.79,2.57,0.8063759207725525,91.44
2019-06-01,26.51,32.3,20.78,70.54,2.51,1.6240713596343994,91.48
2019-06-02,28.06,35.69,21.35,67.29,2.21,0.0,91.42
2019-06-03,25.65,30.42,22.37,73.9,2.62,10.55366325378418,91.49
2019-06-04,26.68,32.6,21.79,71.67,2.12,0.0,91.39
2019-06-05,26.2,30.61,21.38,73.97,1.65,0.0,91.39
2019-06-06,26.7,32.58,21.91,72.44,1.52,24.73094367980957,91.36
2019-06-07,26.88,31.98,22.08,71.73,0.94,8.825102806091309,91.44
2019-06-08,26.03,31.37,22.21,71.51,2.4,0.0,91.45
2019-06-09,26.85,34.88,21.45,63.42,3.86,0.0,91.38
2019-06-10,25.51,32.67,19.78,67.58,3.7,0.0,91.34
2019-06-11,25.89,32.55,20.76,66.14,5.17,0.0,91.38
2019-06-12,26.27,32.76,21.55,67.78,5.6,0.0,91.44
2019-06-13,25.17,30.14,21.34,69.13,5.24,0.0,91.51
2019-06-14,25.47,31.82,20.67,63.51,4.93,0.2160871028900146,91.51
2019-06-15,26.52,33.74,21.23,64.54,4.19,1.1591651439666748,91.53
2019-06-16,26.74,33.88,21.34,64.81,3.89,0.0,91.57
2019-06-17,26.15,31.99,21.22,65.73,4.05,0.0,91.6
2019-06-18,26.41,33.06,20.95,65.7,3.7,0.0,91.49
2019-06-19,27.34,34.99,21.69,64.34,4.13,0.0,91.4
2019-06-20,26.21,32.87,21.05,61.81,4.7,1.1388484239578247,91.43
2019-06-21,24.85,30.21,20.21,66.74,3.75,0.0,91.38
2019-06-22,24.8,30.34,20.51,71.34,4.23,0.0,91.32
2019-06-23,24.43,29.92,19.96,72.17,3.85,2.3891634941101074,91.22
2019-06-24,25.39,31.94,20.19,67.82,3.55,21.505563735961918,91.31
2019-06-25,25.7,32.82,20.58,64.34,3.48,0.2536246478557586,91.47
2019-06-26,24.57,29.21,21.32,73.57,3.34,0.0,91.53
2019-06-27,25.55,32.07,20.92,71.08,4.23,0.0,91.43
2019-06-28,25.2,30.42,20.85,70.39,4.68,2.383498430252075,91.44
2019-06-29,24.7,28.92,21.28,71.39,4.73,0.0,91.43
2019-06-30,24.8,29.11,20.53,71.32,4.76,0.0,91.42
2019-07-01,26.44,33.29,21.39,66.56,4.72,0.0,91.34
2019-07-02,25.66,31.54,21.1,69.93,4.66,0.0,91.39
2019-07-03,25.8,31.31,21.69,68.97,4.95,0.0,91.45
2019-07-04,25.68,30.47,21.87,69.94,5.15,0.0,91.44
2019-07-05,25.02,29.76,21.75,73.9,5.43,0.4035342037677765,91.36
2019-07-06,24.49,28.46,21.56,74.91,5.56,2.242950439453125,91.39
2019-07-07,24.98,30.56,20.88,70.3,5.46,1.0054454803466797,91.46
2019-07-08,25.36,31.67,21.02,68.88,5.61,0.0,91.57
2019-07-09,24.3,29.51,20.3,75.0,4.73,0.0,91.54
2019-07-10,24.65,31.34,20.65,67.56,5.24,0.7872740626335144,91.55
2019-07-11,23.95,30.73,20.01,69.44,4.52,0.0,91.69
2019-07-12,25.63,31.86,19.6,64.16,2.42,4.457998752593994,91.7
2019-07-13,25.54,32.28,19.97,66.39,3.08,1.6236956119537354,91.71
2019-07-14,24.73,29.79,21.19,75.26,2.9,0.2690228223800659,91.67
2019-07-15,24.86,31.07,20.27,68.37,3.26,0.3177196383476257,91.53
2019-07-16,24.43,30.18,20.1,69.76,3.28,2.955842971801758,91.53
2019-07-17,23.89,29.15,19.89,70.55,3.66,1.011853814125061,91.44
2019-07-18,21.57,23.72,18.98,80.68,3.93,17.12625503540039,91.28
2019-07-19,22.87,26.84,19.45,79.49,3.42,0.9652916789054872,91.13
2019-07-20,24.3,30.25,20.25,74.05,4.22,1.5101804733276367,91.17
2019-07-21,24.64,30.13,20.65,73.42,5.2,0.0,91.18
2019-07-22,23.42,26.85,20.53,78.97,4.77,4.146540641784668,91.24
2019-07-23,23.17,29.06,19.29,75.84,4.7,10.05950164794922,91.34
2019-07-24,23.78,29.44,19.05,75.32,4.12,0.0,91.47
2019-07-25,24.26,31.38,19.51,72.59,3.85,0.295925110578537,91.57
2019-07-26,23.28,28.76,19.71,75.93,4.25,8.232619285583496,91.57
2019-07-27,23.72,29.8,19.37,73.14,4.42,0.0,91.52
2019-07-28,24.06,30.6,19.71,72.85,4.92,0.4368724226951599,91.47
2019-07-29,24.02,29.28,19.81,74.56,4.49,4.305039405822754,91.47
2019-07-30,23.79,29.12,20.1,69.86,4.68,0.0,91.6
2019-07-31,24.43,31.44,19.37,67.31,4.34,0.0,91.66
2019-08-01,25.67,32.94,20.17,67.37,4.46,0.0,91.61
2019-08-02,24.27,29.89,20.35,69.55,5.3,0.0,91.6
2019-08-03,23.82,28.38,20.52,73.98,5.14,0.0,91.67
2019-08-04,23.43,28.99,19.0,66.71,5.24,0.0,91.58
2019-08-05,22.36,26.28,19.94,80.28,5.77,1.3904608488082886,91.53
2019-08-06,23.11,28.19,19.83,75.53,6.07,2.1999220848083496,91.43
2019-08-07,23.68,27.76,20.09,75.88,6.96,1.1803892850875854,91.34
2019-08-08,23.89,29.0,20.41,77.24,7.34,2.0981709957122803,91.26
2019-08-09,24.17,29.81,20.68,74.34,6.97,15.175963401794434,91.43
2019-08-10,24.02,29.59,19.92,71.62,6.56,1.257346510887146,91.47
2019-08-11,24.36,31.4,19.52,71.46,5.06,0.0,91.45
2019-08-12,23.76,29.76,18.93,73.24,4.79,4.985851764678955,91.46
2019-08-13,24.54,31.13,19.77,71.96,4.37,10.708902359008787,91.47
2019-08-14,24.2,30.57,20.12,75.73,3.87,0.45899298787117,91.56
2019-08-15,24.03,30.5,19.51,75.6,3.92,6.437806129455566,91.63
2019-08-16,23.9,29.81,20.41,77.52,3.64,0.0,91.57
2019-08-17,23.36,28.26,20.35,80.64,3.79,2.4904234409332275,91.48
2019-08-18,22.39,25.81,19.99,85.36,3.08,21.46722221374512,91.57
2019-08-19,23.65,28.25,19.94,82.15,1.87,6.070418357849121,91.63
2019-08-20,23.17,26.52,20.77,86.54,2.36,17.35500144958496,91.6
2019-08-21,21.88,24.63,19.84,87.52,3.74,30.97714614868164,91.57
2019-08-22,21.83,25.6,19.08,84.84,3.53,0.3373942971229553,91.54
2019-08-23,22.1,26.5,18.73,84.0,4.31,2.5084784030914307,91.59
2019-08-24,22.54,28.1,18.27,81.37,3.85,2.2789435386657715,91.59
2019-08-25,22.46,27.22,18.99,79.44,4.06,0.0,91.54
2019-08-26,23.29,29.36,18.99,76.13,4.21,0.0,91.55
2019-08-27,23.24,29.17,18.53,76.33,3.63,0.4216651618480682,91.5
2019-08-28,23.04,28.09,19.6,78.47,3.66,0.0,91.54
2019-08-29,23.66,28.83,19.83,79.89,3.43,0.37350794672966,91.52
2019-08-30,23.09,27.39,20.23,78.8,4.38,1.4001002311706543,91.38
2019-08-31,23.45,28.95,19.92,77.84,4.34,0.0,91.28
2019-09-01,22.41,26.16,19.94,81.9,3.86,0.0,91.47
2019-09-02,22.88,28.5,19.64,79.99,4.09,0.1337820887565612,91.58
2019-09-03,23.2,29.22,18.96,79.63,4.35,12.56433391571045,91.49
2019-09-04,22.22,26.8,19.54,79.46,4.82,6.466839790344238,91.45
2019-09-05,23.13,28.69,19.46,77.7,5.1,0.5796427130699158,91.42
2019-09-06,23.6,28.57,19.84,80.14,4.9,0.1337820887565612,91.42
2019-09-07,23.98,30.04,19.88,76.91,5.07,1.2394616603851318,91.49
2019-09-08,23.8,29.28,20.45,77.31,4.65,0.0,91.59
2019-09-09,23.25,27.93,19.35,78.79,4.25,0.0,91.55
2019-09-10,24.65,30.37,20.14,77.27,3.38,0.0,91.52
2019-09-11,24.34,29.54,20.56,78.91,3.2,1.4694207906723022,91.61
2019-09-12,23.02,27.3,20.29,83.37,3.18,0.0,91.75
2019-09-13,23.25,28.19,19.77,80.99,2.82,1.074365258216858,91.78
2019-09-14,23.87,29.48,19.41,78.78,2.61,0.0,91.72
2019-09-15,23.96,29.27,19.97,78.29,2.48,0.0,91.7
2019-09-16,23.65,29.62,19.98,78.65,3.52,0.0,91.57
2019-09-17,22.65,27.0,19.97,85.31,2.68,24.0422306060791,91.46
2019-09-18,22.83,27.45,19.85,85.46,2.67,0.3101125955581665,91.46
2019-09-19,22.15,25.39,20.01,87.2,2.42,4.351629734039307,91.55
2019-09-20,23.15,28.06,18.82,78.25,1.89,2.497564554214477,91.59
2019-09-21,24.73,30.75,19.11,76.81,1.42,0.0,91.52
2019-09-22,22.44,24.39,20.86,91.09,1.43,9.185832977294922,91.58
2019-09-23,23.09,27.11,19.83,86.71,1.66,6.078238487243652,91.57
2019-09-24,21.82,24.04,19.97,92.87,1.73,82.28191375732422,91.5
2019-09-25,22.41,24.72,20.2,91.34,2.46,22.77422142028809,91.55
2019-09-26,22.35,26.04,19.4,85.8,3.41,3.8699328899383545,91.89
2019-09-27,22.82,28.14,18.61,83.16,1.38,0.0,92.03
2019-09-28,22.96,28.52,18.77,83.7,1.87,1.7933919429779053,91.94
2019-09-29,22.73,27.45,19.21,82.23,2.16,0.0,91.97
2019-09-30,21.79,26.08,18.35,84.1,2.12,0.0,91.94
2019-10-01,23.19,28.26,17.75,80.56,1.17,0.0,91.88
2019-10-02,23.68,28.59,19.66,82.53,1.09,35.199668884277344,91.87
2019-10-03,23.66,28.34,19.71,84.2,1.17,41.74384689331055,91.82
2019-10-04,23.31,27.65,20.29,85.89,1.03,11.081703186035156,91.76
2019-10-05,22.51,25.77,20.32,90.29,1.27,23.599607467651367,91.68
2019-10-06,22.68,25.78,19.95,86.84,1.42,7.411614894866943,91.74
2019-10-07,22.86,25.81,20.02,86.5,0.95,0.2047854363918304,91.77
2019-10-08,23.64,27.44,20.55,84.61,0.71,16.92772674560547,91.69
2019-10-09,23.14,26.76,20.51,88.95,0.64,14.37813663482666,91.63
2019-10-10,23.0,26.48,19.86,85.55,1.08,1.7289886474609375,91.7
2019-10-11,23.05,26.98,19.88,86.44,1.5,0.0,91.7
2019-10-12,23.29,27.61,19.63,84.7,1.89,0.2006731480360031,91.73
2019-10-13,23.48,28.25,19.79,84.7,1.74,0.0,91.77
2019-10-14,23.5,28.06,20.35,85.57,1.81,0.1960509866476059,91.78
2019-10-15,22.96,27.23,20.15,87.76,2.07,0.0,91.78
2019-10-16,22.43,26.66,19.63,86.39,2.3,1.9113306999206543,91.76
2019-10-17,22.23,26.81,19.08,86.35,2.07,0.0,91.76
2019-10-18,22.43,26.66,19.56,88.37,2.39,4.52184009552002,91.75
2019-10-19,22.53,27.08,19.76,86.89,2.36,12.884603500366213,91.81
2019-10-20,22.25,26.67,19.18,87.89,2.27,0.0,91.81
2019-10-21,21.85,26.29,18.22,88.43,1.57,11.556411743164062,91.71
2019-10-22,22.47,26.95,19.32,87.67,1.64,32.83975601196289,91.62
2019-10-23,21.9,25.96,19.03,87.22,2.45,10.822257995605469,91.61
2019-10-24,21.56,26.14,18.39,87.02,3.1,0.0,91.64
2019-10-25,21.62,26.19,18.77,87.01,2.72,0.0,91.67
2019-10-26,22.03,26.34,18.28,87.17,2.17,6.374754428863525,91.74
2019-10-27,22.13,26.77,18.72,85.24,1.06,1.759902000427246,91.81
2019-10-28,22.14,26.32,19.5,87.29,2.22,38.30157852172852,91.84
2019-10-29,20.13,23.03,18.52,87.02,2.73,0.0,91.87
2019-10-30,21.51,25.06,19.02,90.7,3.09,4.0655388832092285,91.73
2019-10-31,21.83,25.6,19.53,89.22,3.4,4.038634300231934,91.71
2019-11-01,22.09,26.88,18.69,85.33,1.53,1.687311053276062,91.78
2019-11-02,22.38,27.07,19.4,86.11,1.73,0.0,91.85
2019-11-03,22.07,27.46,18.19,84.52,1.58,0.0,91.96
2019-11-04,21.91,28.5,16.97,80.53,1.42,0.0,91.99
2019-11-05,22.56,28.32,17.55,79.07,1.34,0.0,91.84
2019-11-06,23.0,28.48,19.38,78.29,1.1,0.0,91.7
2019-11-07,22.68,27.74,18.29,82.16,0.82,0.0,91.65
2019-11-08,22.64,26.33,20.15,87.98,1.1,17.98214340209961,91.7
2019-11-09,22.58,26.75,19.39,88.71,1.42,0.0,91.72
2019-11-10,22.72,26.15,19.89,84.1,1.35,13.343530654907228,91.74
2019-11-11,21.5,26.59,16.8,81.84,1.66,0.0,91.73
2019-11-12,21.45,26.58,18.14,83.66,2.09,0.0,91.85
2019-11-13,21.13,26.61,16.8,83.7,2.39,0.0,91.92
2019-11-14,21.85,27.25,17.05,87.44,2.38,0.0,91.87
2019-11-15,22.33,27.5,18.62,85.87,1.95,3.321240186691284,91.84
2019-11-16,22.46,27.52,18.96,84.5,2.38,0.5854418277740479,91.85
2019-11-17,21.26,26.74,17.46,80.22,1.97,0.0,91.9
2019-11-18,22.32,27.6,17.62,86.49,2.58,0.0,91.88
2019-11-19,22.74,27.79,18.22,83.0,1.46,0.0,91.84
2019-11-20,22.3,26.9,19.7,88.28,2.09,0.0,91.78
2019-11-21,22.29,27.27,18.98,86.31,2.68,5.45006799697876,91.88
2019-11-22,20.59,26.35,15.72,83.03,2.84,0.0,91.99
2019-11-23,19.88,26.3,14.92,82.21,2.66,0.0,91.99
2019-11-24,20.6,26.62,15.56,83.27,2.61,0.0,91.94
2019-11-25,20.91,27.1,15.84,82.63,2.92,0.0,91.9
2019-11-26,20.44,26.11,16.0,82.43,3.11,0.0,91.85
2019-11-27,21.38,27.37,17.09,85.63,3.02,1.1459935903549194,91.81
2019-11-28,21.97,27.13,18.45,85.81,3.38,0.3526610136032104,91.86
2019-11-29,22.12,27.23,18.5,84.76,3.01,0.0,91.88
2019-11-30,22.27,27.48,18.08,86.67,3.29,0.4304365217685699,91.83
2019-12-01,22.16,26.14,19.47,87.65,3.41,2.208383321762085,91.81
2019-12-02,21.21,25.25,19.02,86.76,2.81,5.528200626373291,91.91
2019-12-03,20.92,25.01,18.22,84.75,3.18,0.5591407418251038,91.93
2019-12-04,21.1,26.83,17.68,82.37,3.55,0.3413090407848358,92.01
2019-12-05,20.49,26.67,16.76,80.91,3.41,0.0,92.12
2019-12-06,19.91,26.48,16.21,78.65,3.17,0.0,92.06
2019-12-07,20.81,27.51,15.07,82.29,2.98,0.0,91.98
2019-12-08,21.47,27.57,16.79,80.75,2.91,0.5027227401733398,92.02
2019-12-09,20.85,27.0,16.53,78.64,2.92,0.0,92.03
2019-12-10,20.8,27.54,15.44,78.37,2.46,0.0,91.92
2019-12-11,21.24,27.86,16.37,76.79,2.02,0.0,91.81
2019-12-12,21.39,28.57,15.71,75.28,1.77,0.0,91.83
2019-12-13,22.17,28.83,16.9,78.39,2.21,0.0,91.92
2019-12-14,21.67,26.71,17.77,83.11,2.7,0.0,92.06
2019-12-15,21.46,27.96,17.6,78.76,2.75,2.240840435028076,91.97
2019-12-16,21.58,28.54,16.77,79.13,2.63,0.0,91.96
2019-12-17,21.11,27.83,17.17,77.04,3.26,0.5877683162689209,92.02
2019-12-18,21.3,28.61,15.58,76.76,3.12,0.0,92.04
2019-12-19,21.26,28.72,16.3,75.44,3.21,0.0,91.98
2019-12-20,20.97,28.08,15.63,76.17,2.54,0.0,91.91
2019-12-21,21.14,26.79,17.61,79.4,2.3,0.0,91.91
2019-12-22,22.05,29.45,17.35,74.85,2.29,0.0,91.9
2019-12-23,21.52,29.19,16.12,72.46,2.21,0.0,91.89
2019-12-24,21.87,29.43,15.57,72.9,2.23,0.0,91.97
2019-12-25,22.78,29.15,18.32,76.42,2.37,0.0,91.95
2019-12-26,23.64,31.49,18.23,69.89,1.66,0.0,91.89
2019-12-27,22.82,30.9,17.6,69.06,2.19,0.0,91.79
2019-12-28,22.07,29.45,16.76,73.57,2.5,0.0,91.87
2019-12-29,22.21,29.34,17.29,71.97,2.6,0.0,91.91
2019-12-30,22.15,28.97,16.86,72.31,2.32,0.0,91.93
2019-12-31,22.7,29.16,17.89,73.87,2.46,0.0,91.97
