Timestamp,PM10 (µg/m³),NO (µg/m³),NO2 (µg/m³),CO (mg/m³)
2016-01-01,105.77,42.87,74.64,1.2
2016-01-02,97.4,76.86,106.9,1.41
2016-01-03,105.95,73.48,111.38,1.57
2016-01-04,100.21,52.75,98.32,1.55
2016-01-05,103.88,58.99,99.67,1.57
2016-01-06,83.39,68.62,89.37,1.3
2016-01-07,74.04,82.63,55.27,0.77
2016-01-08,63.57,115.01,59.65,0.68
2016-01-09,73.78,122.17,80.6,0.76
2016-01-10,61.74,92.56,72.85,0.66
2016-01-11,50.76,113.25,60.56,0.59
2016-01-12,,,,
2016-01-13,,,,
2016-01-14,,,,
2016-01-15,,,,
2016-01-16,,,,
2016-01-17,,,,
2016-01-18,63.19,100.67,86.22,1.16
2016-01-19,46.09,88.56,63.78,0.96
2016-01-20,32.65,121.52,58.34,0.81
2016-01-21,73.33,95.92,66.28,0.89
2016-01-22,163.08,139.1,91.69,1.39
2016-01-23,134.84,106.96,66.57,1.16
2016-01-24,88.69,78.09,93.02,1.03
2016-01-25,95.9,42.23,112.08,1.35
2016-01-26,100.11,17.15,76.34,0.87
2016-01-27,82.2,33.83,52.66,1.05
2016-01-28,,,,
2016-01-29,,,,
2016-01-30,319.84,51.39,90.69,2.59
2016-01-31,241.2,28.61,60.08,1.35
2016-02-01,211.16,31.34,61.71,1.63
2016-02-02,227.64,27.23,58.2,2.05
2016-02-03,258.02,26.11,60.71,2.5
2016-02-04,221.82,20.79,51.13,2.28
2016-02-05,240.16,21.02,50.36,2.38
2016-02-06,221.96,17.43,45.85,2.39
2016-02-07,320.42,32.13,59.37,3.02
2016-02-08,137.69,6.9,20.8,2.07
2016-02-09,224.87,17.86,52.54,2.99
2016-02-10,283.11,16.75,59.6,3.18
2016-02-11,197.65,13.78,40.67,2.59
2016-02-12,189.39,13.97,46.77,2.52
2016-02-13,165.65,15.04,44.84,2.34
2016-02-14,143.58,15.87,41.13,1.84
2016-02-15,121.61,19.1,41.56,2.36
2016-02-16,147.54,14.19,35.31,2.33
2016-02-17,166.4,17.23,39.73,2.29
2016-02-18,135.36,17.15,36.29,2.11
2016-02-19,163.94,19.55,45.9,2.11
2016-02-20,106.25,18.52,43.87,2.04
2016-02-21,85.2,19.62,47.38,1.87
2016-02-22,95.65,12.81,39.66,2.29
2016-02-23,89.52,9.47,25.38,2.33
2016-02-24,115.13,12.49,47.71,1.88
2016-02-25,125.72,11.73,36.97,1.1
2016-02-26,136.22,18.22,35.03,1.06
2016-02-27,132.53,26.9,33.79,1.05
2016-02-28,140.48,23.63,34.88,1.17
2016-02-29,172.84,25.88,39.38,1.22
2016-03-01,178.16,21.56,43.86,1.17
2016-03-02,,,,
2016-03-03,,,,
2016-03-04,,,,
2016-03-05,,,,
2016-03-06,,,,
2016-03-07,,,,
2016-03-08,141.67,44.52,124.52,2.43
2016-03-09,149.69,19.56,73.43,1.34
2016-03-10,173.29,24.3,45.89,1.52
2016-03-11,178.79,21.11,32.52,1.37
2016-03-12,172.64,11.85,42.36,1.21
2016-03-13,137.48,10.63,40.01,1.0
2016-03-14,160.44,14.36,80.49,1.29
2016-03-15,147.86,19.78,68.15,1.01
2016-03-16,158.78,17.09,89.41,1.17
2016-03-17,170.47,10.21,59.05,1.19
2016-03-18,210.81,,,1.08
2016-03-19,204.38,40.07,92.86,1.29
2016-03-20,188.31,2.47,4.34,1.3
2016-03-21,149.15,3.56,5.51,1.13
2016-03-22,111.17,1.39,1.88,0.93
2016-03-23,219.3,9.84,19.57,0.68
2016-03-24,193.16,11.64,17.68,1.37
2016-03-25,182.49,,,1.25
2016-03-26,169.98,,,1.21
2016-03-27,174.52,,,1.08
2016-03-28,158.83,,,1.15
2016-03-29,169.89,,,1.2
2016-03-30,146.82,5.81,37.75,1.14
2016-03-31,155.54,5.86,40.56,1.13
2016-04-01,144.98,5.87,36.02,1.2
2016-04-02,,,,
2016-04-03,201.2,,,2.5
2016-04-04,168.95,75.48,62.84,0.99
2016-04-05,248.69,43.45,49.15,1.62
2016-04-06,304.63,5.58,49.34,2.0
2016-04-07,212.46,1.04,10.4,1.68
2016-04-08,765.04,8.55,60.34,2.11
2016-04-09,199.27,60.86,102.07,1.47
2016-04-10,182.8,9.29,55.61,1.54
2016-04-11,211.33,4.8,34.65,1.79
2016-04-12,208.32,0.76,0.37,1.43
2016-04-13,213.82,71.18,98.42,2.16
2016-04-14,258.47,24.88,86.18,1.81
2016-04-15,231.77,16.91,44.07,1.77
2016-04-16,215.19,13.87,3.96,1.86
2016-04-17,212.94,3.22,3.28,2.43
2016-04-18,203.35,4.41,1.06,1.72
2016-04-19,172.76,6.14,4.43,2.64
2016-04-20,181.1,16.62,49.94,1.51
2016-04-21,136.51,14.84,12.16,1.14
2016-04-22,112.12,22.35,7.41,2.66
2016-04-23,93.01,7.05,9.34,1.3
2016-04-24,77.91,7.79,9.13,1.19
2016-04-25,107.34,11.24,9.19,0.8
2016-04-26,78.86,8.66,16.29,0.58
2016-04-27,,,,
2016-04-28,,,,
2016-04-29,,,,
2016-04-30,,,,
2016-05-01,,,,
2016-05-02,,,,
2016-05-03,,,,
2016-05-04,,,,
2016-05-05,,,,
2016-05-06,,,,
2016-05-07,,,,
2016-05-08,,,,
2016-05-09,,,,
2016-05-10,,,,
2016-05-11,,,,
2016-05-12,,,,
2016-05-13,,,,
2016-05-14,,,,
2016-05-15,,,,
2016-05-16,,,,
2016-05-17,,,,
2016-05-18,,,,
2016-05-19,,,,
2016-05-20,,,,
2016-05-21,,,,
2016-05-22,,,,
2016-05-23,,,,
2016-05-24,,,,
2016-05-25,,,,
2016-05-26,,,,
2016-05-27,,,,
2016-05-28,,,,
2016-05-29,,,,
2016-05-30,,,,
2016-05-31,,,,
2016-06-01,,,,
2016-06-02,,,,
2016-06-03,,,,
2016-06-04,,,,
2016-06-05,,,,
2016-06-06,,,,
2016-06-07,,,,
2016-06-08,,,,
2016-06-09,,,,
2016-06-10,,,,
2016-06-11,,,,
2016-06-12,,,,
2016-06-13,,,,
2016-06-14,,,,
2016-06-15,,,,
2016-06-16,,,,
2016-06-17,92.08,13.98,38.78,0.53
2016-06-18,82.89,16.49,35.77,0.34
2016-06-19,101.5,14.86,37.95,0.66
2016-06-20,89.07,22.09,44.93,1.01
2016-06-21,53.61,18.44,36.05,0.77
2016-06-22,,,,
2016-06-23,101.53,7.4,27.59,0.45
2016-06-24,59.95,11.67,30.07,0.4
2016-06-25,,,,
2016-06-26,,,,
2016-06-27,95.2,11.08,29.8,0.9
2016-06-28,81.76,28.82,42.91,1.0
2016-06-29,25.18,21.23,34.42,0.62
2016-06-30,63.21,18.65,33.46,0.46
2016-07-01,78.57,25.15,35.68,0.55
2016-07-02,,,,
2016-07-03,86.67,36.41,49.88,0.86
2016-07-04,148.66,30.98,42.57,0.82
2016-07-05,112.13,24.82,39.56,0.73
2016-07-06,99.93,23.28,34.65,0.6
2016-07-07,,,,
2016-07-08,114.7,26.8,43.03,0.79
2016-07-09,94.22,28.42,39.05,0.54
2016-07-10,,,,
2016-07-11,84.51,16.45,35.25,0.61
2016-07-12,,,,
2016-07-13,,,,
2016-07-14,72.8,16.17,35.47,0.7
2016-07-15,39.63,13.86,32.38,0.65
2016-07-16,34.02,12.99,33.26,0.71
2016-07-17,46.94,16.51,31.58,0.74
2016-07-18,35.74,19.16,28.4,0.53
2016-07-19,,,,
2016-07-20,,,,
2016-07-21,20.32,36.8,79.84,0.42
2016-07-22,119.58,20.24,41.53,0.77
2016-07-23,90.98,24.48,33.68,0.54
2016-07-24,,,,
2016-07-25,120.35,18.55,33.85,1.02
2016-07-26,,,,
2016-07-27,,,,
2016-07-28,98.95,17.07,25.9,0.79
2016-07-29,44.88,13.35,20.8,0.54
2016-07-30,63.51,12.77,18.08,0.49
2016-07-31,142.1,9.72,37.22,0.81
2016-08-01,73.85,8.82,32.74,0.69
2016-08-02,111.0,4.95,24.7,0.69
2016-08-03,77.06,5.88,24.45,0.61
2016-08-04,59.05,6.44,24.31,0.45
2016-08-05,,,,
2016-08-06,,,,
2016-08-07,,,,0.0
2016-08-08,,,,0.0
2016-08-09,,,,0.0
2016-08-10,,,,0.0
2016-08-11,78.58,3.28,21.11,0.17
2016-08-12,,,,
2016-08-13,,,,
2016-08-14,93.45,6.98,29.23,0.66
2016-08-15,61.03,5.57,23.28,0.53
2016-08-16,55.04,4.3,18.82,0.56
2016-08-17,82.51,5.36,26.95,0.73
2016-08-18,62.4,6.22,26.87,0.66
2016-08-19,16.95,6.74,28.81,0.7
2016-08-20,13.83,8.41,34.65,0.75
2016-08-21,11.7,5.48,26.78,0.6
2016-08-22,31.04,4.96,22.7,0.52
2016-08-23,76.62,4.25,21.79,0.63
2016-08-24,74.14,5.04,24.0,0.69
2016-08-25,59.83,4.96,22.85,0.66
2016-08-26,53.29,6.26,25.85,0.65
2016-08-27,67.14,5.66,28.96,0.72
2016-08-28,57.48,6.19,28.7,0.67
2016-08-29,59.39,5.12,24.84,0.8
2016-08-30,31.7,3.26,16.45,0.52
2016-08-31,51.13,6.18,26.11,0.89
2016-09-01,47.98,6.3,26.26,0.56
2016-09-02,72.25,8.2,30.27,0.85
2016-09-03,75.39,8.54,33.77,0.77
2016-09-04,56.87,5.48,25.09,0.53
2016-09-05,53.36,4.06,21.5,0.48
2016-09-06,64.9,5.82,25.25,0.78
2016-09-07,52.55,4.12,21.59,0.59
2016-09-08,67.71,5.1,27.36,0.57
2016-09-09,55.53,2.91,21.51,0.53
2016-09-10,66.19,4.36,25.3,0.79
2016-09-11,58.12,5.86,26.36,0.55
2016-09-12,62.75,4.94,24.1,0.59
2016-09-13,49.32,3.49,17.97,0.55
2016-09-14,44.37,4.26,20.58,0.66
2016-09-15,40.55,5.75,23.69,0.67
2016-09-16,59.24,11.8,39.71,0.87
2016-09-17,79.94,11.81,44.68,0.95
2016-09-18,79.23,8.39,39.26,0.58
2016-09-19,48.94,5.62,29.98,0.4
2016-09-20,42.54,3.33,21.47,0.42
2016-09-21,33.13,3.87,21.66,0.36
2016-09-22,56.22,4.44,22.42,0.42
2016-09-23,100.52,5.2,25.55,0.57
2016-09-24,104.82,9.31,36.22,0.82
2016-09-25,129.15,7.15,31.8,0.68
2016-09-26,117.36,7.53,29.76,0.87
2016-09-27,99.96,6.25,22.51,0.68
2016-09-28,95.22,9.28,22.49,0.87
2016-09-29,64.12,7.94,16.65,0.65
2016-09-30,121.59,5.0,20.34,0.7
2016-10-01,101.53,10.01,23.95,0.68
2016-10-02,105.0,16.45,31.61,1.13
2016-10-03,125.74,11.82,27.79,0.97
2016-10-04,106.59,10.54,21.27,0.95
2016-10-05,94.89,12.9,21.22,0.92
2016-10-06,78.26,12.67,21.69,0.81
2016-10-07,143.79,17.19,30.92,1.14
2016-10-08,89.02,20.62,27.17,1.11
2016-10-09,83.63,15.39,20.62,0.99
2016-10-10,73.95,14.8,20.46,1.11
2016-10-11,68.62,11.71,17.24,1.02
2016-10-12,77.37,18.46,27.21,1.32
2016-10-13,60.38,24.87,28.46,1.33
2016-10-14,,,,
2016-10-15,160.5,41.72,60.56,
2016-10-16,154.71,33.82,56.7,
2016-10-17,181.69,30.33,52.89,
2016-10-18,185.01,29.63,50.74,
2016-10-19,188.65,15.3,43.97,
2016-10-20,185.59,22.32,56.28,
2016-10-21,203.65,32.98,57.4,3.92
2016-10-22,207.79,39.4,52.03,1.72
2016-10-23,184.8,38.16,55.54,1.12
2016-10-24,186.95,43.29,56.5,1.11
2016-10-25,218.54,43.75,54.62,0.82
2016-10-26,114.57,18.92,53.69,0.61
2016-10-27,159.26,44.8,80.5,0.73
2016-10-28,117.43,66.58,68.61,0.83
2016-10-29,139.19,39.18,66.67,4.36
2016-10-30,119.11,39.42,49.97,1.01
2016-10-31,96.83,44.12,47.08,0.71
2016-11-01,,,,
2016-11-02,141.32,51.01,54.74,0.71
2016-11-03,111.24,51.27,50.23,0.81
2016-11-04,127.01,34.12,41.16,0.76
2016-11-05,114.79,23.2,35.66,0.75
2016-11-06,65.5,8.63,21.29,0.52
2016-11-07,113.68,12.96,33.87,0.72
2016-11-08,118.4,23.57,30.62,0.91
2016-11-09,120.64,18.06,24.88,0.74
2016-11-10,137.26,21.92,27.28,0.83
2016-11-11,141.96,33.57,49.19,0.89
2016-11-12,131.14,16.05,39.6,0.78
2016-11-13,121.71,22.5,44.93,0.61
2016-11-14,70.45,24.27,29.44,0.51
2016-11-15,58.32,18.72,25.81,0.27
2016-11-16,128.27,31.34,48.07,1.2
2016-11-17,135.95,23.2,41.83,0.79
2016-11-18,130.18,20.7,36.54,0.65
2016-11-19,,,,
2016-11-20,,,,
2016-11-21,188.0,36.42,58.53,1.08
2016-11-22,136.46,17.95,31.35,0.7
2016-11-23,179.66,30.08,51.02,1.13
2016-11-24,157.42,19.09,37.31,1.31
2016-11-25,163.89,31.25,50.95,0.91
2016-11-26,161.43,31.53,53.91,0.89
2016-11-27,172.52,37.35,55.22,0.88
2016-11-28,179.15,48.08,65.85,0.93
2016-11-29,197.33,29.68,54.79,1.08
2016-11-30,169.94,24.64,45.9,0.99
2016-12-01,135.52,17.13,36.86,0.72
2016-12-02,74.69,23.07,35.22,0.69
2016-12-03,109.17,28.94,40.36,0.94
2016-12-04,132.87,26.18,36.04,0.93
2016-12-05,127.2,43.5,69.96,0.9
2016-12-06,151.54,44.14,101.27,1.0
2016-12-07,133.64,36.77,90.65,1.01
2016-12-08,133.52,36.02,85.16,1.06
2016-12-09,136.65,25.79,74.49,0.84
2016-12-10,131.55,28.8,96.71,0.99
2016-12-11,136.35,26.25,86.99,0.93
2016-12-12,131.18,16.79,62.71,0.92
2016-12-13,,,,
2016-12-14,181.31,49.01,110.06,1.3
2016-12-15,143.53,36.65,83.12,0.98
2016-12-16,134.84,37.21,88.83,1.02
2016-12-17,146.09,23.36,98.61,1.31
2016-12-18,129.99,19.21,96.71,0.98
2016-12-19,148.49,24.84,112.39,1.2
2016-12-20,117.95,13.98,78.44,1.1
2016-12-21,94.57,11.11,61.14,0.93
2016-12-22,182.9,49.69,197.84,0.53
2016-12-23,158.0,41.43,170.17,1.42
2016-12-24,144.94,30.38,137.85,1.28
2016-12-25,147.35,15.79,95.15,1.13
2016-12-26,120.91,16.86,99.1,1.21
2016-12-27,109.96,12.37,84.13,1.14
2016-12-28,81.09,6.22,64.94,1.24
2016-12-29,123.63,28.77,116.81,0.74
2016-12-30,129.54,15.57,76.1,1.04
2016-12-31,128.8,20.23,90.9,1.12
2017-01-01 00:00:00,104.76,12.88,68.64,1.05
2017-01-02 00:00:00,106.41,19.62,78.29,1.13
2017-01-03 00:00:00,105.45,17.21,79.98,1.06
2017-01-04 00:00:00,121.78,15.2,78.52,1.14
2017-01-05 00:00:00,113.64,15.75,75.16,1.08
2017-01-06 00:00:00,133.58,22.27,94.68,1.3
2017-01-07 00:00:00,139.3,21.91,95.57,1.32
2017-01-08 00:00:00,124.97,11.11,65.8,1.09
2017-01-09 00:00:00,134.96,22.15,96.58,1.46
2017-01-10 00:00:00,127.02,7.99,61.01,1.01
2017-01-11 00:00:00,141.42,13.02,79.8,1.36
2017-01-12 00:00:00,138.79,16.41,82.16,1.29
2017-01-13 00:00:00,110.61,8.94,49.43,0.91
2017-01-14 00:00:00,,,,0.0
2017-01-15 00:00:00,,,,0.0
2017-01-16 00:00:00,70.95,15.08,58.07,0.68
2017-01-17 00:00:00,129.73,12.09,65.11,1.71
2017-01-18 00:00:00,109.85,9.01,55.6,0.88
2017-01-19 00:00:00,102.65,14.6,69.11,1.23
2017-01-20 00:00:00,117.55,15.62,73.3,1.03
2017-01-21 00:00:00,101.9,16.51,69.06,0.95
2017-01-22 00:00:00,103.67,17.24,77.1,0.99
2017-01-23 00:00:00,121.03,18.11,82.92,1.03
2017-01-24 00:00:00,122.3,13.44,72.19,0.99
2017-01-25 00:00:00,115.39,14.64,75.53,1.07
2017-01-26 00:00:00,108.39,12.33,58.92,1.04
2017-01-27 00:00:00,83.89,12.58,54.13,1.12
2017-01-28 00:00:00,60.58,13.41,53.79,1.15
2017-01-29 00:00:00,60.87,10.15,46.18,1.16
2017-01-30 00:00:00,85.06,15.45,72.61,1.37
2017-01-31 00:00:00,78.68,13.1,67.8,1.27
2017-02-01 00:00:00,81.75,13.14,75.81,2.76
2017-02-02 00:00:00,82.83,10.89,109.57,1.33
2017-02-03 00:00:00,94.46,14.79,105.33,1.06
2017-02-04 00:00:00,,,,0.0
2017-02-05 00:00:00,,,,0.0
2017-02-06 00:00:00,45.0,25.31,104.14,0.67
2017-02-07 00:00:00,105.17,24.86,148.85,1.52
2017-02-08 00:00:00,93.16,16.19,115.38,1.31
2017-02-09 00:00:00,102.72,26.51,162.03,1.44
2017-02-10 00:00:00,101.98,19.51,130.98,1.28
2017-02-11 00:00:00,89.49,24.73,137.91,1.26
2017-02-12 00:00:00,81.6,19.34,112.18,1.16
2017-02-13 00:00:00,72.28,22.06,114.41,1.15
2017-02-14 00:00:00,69.24,13.8,95.48,1.51
2017-02-15 00:00:00,78.75,16.36,110.09,1.77
2017-02-16 00:00:00,86.74,17.27,121.12,2.16
2017-02-17 00:00:00,112.54,16.45,127.17,2.4
2017-02-18 00:00:00,98.08,23.16,151.36,2.24
2017-02-19 00:00:00,107.97,33.21,186.49,2.27
2017-02-20 00:00:00,116.86,39.72,180.17,1.82
2017-02-21 00:00:00,125.48,31.19,131.17,1.07
2017-02-22 00:00:00,116.79,19.04,84.39,1.59
2017-02-23 00:00:00,104.78,22.48,92.07,0.75
2017-02-24 00:00:00,92.23,17.89,77.54,0.74
2017-02-25 00:00:00,86.75,18.37,76.65,0.78
2017-02-26 00:00:00,90.68,16.1,67.39,0.69
2017-02-27 00:00:00,85.61,18.59,73.03,0.75
2017-02-28 00:00:00,87.58,18.43,72.69,0.82
2017-03-01 00:00:00,93.16,19.61,85.24,0.69
2017-03-02 00:00:00,84.37,18.28,76.42,0.7
2017-03-03 00:00:00,91.68,19.17,71.73,0.75
2017-03-04 00:00:00,73.46,20.8,68.44,0.72
2017-03-05 00:00:00,78.18,13.13,42.01,0.73
2017-03-06 00:00:00,72.69,11.63,37.57,0.7
2017-03-07 00:00:00,81.42,16.46,58.2,0.71
2017-03-08 00:00:00,85.43,13.57,55.56,1.16
2017-03-09 00:00:00,95.03,12.62,54.58,0.64
2017-03-10 00:00:00,71.81,7.84,28.49,0.57
2017-03-11 00:00:00,49.25,4.68,26.43,0.42
2017-03-12 00:00:00,60.93,8.74,34.52,0.44
2017-03-13 00:00:00,57.57,5.86,33.03,0.45
2017-03-14 00:00:00,71.02,11.32,40.51,0.67
2017-03-15 00:00:00,61.43,11.79,38.8,0.68
2017-03-16 00:00:00,63.94,8.9,30.02,0.61
2017-03-17 00:00:00,48.09,10.19,47.4,0.28
2017-03-18 00:00:00,88.12,11.7,56.51,0.96
2017-03-19 00:00:00,80.9,7.39,28.34,0.6
2017-03-20 00:00:00,50.46,7.38,38.47,0.39
2017-03-21 00:00:00,94.38,10.5,52.61,0.73
2017-03-22 00:00:00,106.65,24.31,114.92,1.22
2017-03-23 00:00:00,100.53,16.16,81.52,0.96
2017-03-24 00:00:00,105.4,8.13,68.55,0.83
2017-03-25 00:00:00,113.26,13.42,59.88,0.95
2017-03-26 00:00:00,118.39,5.5,39.7,0.58
2017-03-27 00:00:00,117.02,2.24,22.52,0.33
2017-03-28 00:00:00,55.18,4.84,35.49,0.38
2017-03-29 00:00:00,86.53,2.55,41.12,0.88
2017-03-30 00:00:00,63.5,2.93,34.63,0.78
2017-03-31 00:00:00,99.19,17.89,77.3,1.41
2017-04-01 00:00:00,108.56,12.5,62.67,1.03
2017-04-02 00:00:00,103.27,7.6,46.68,0.85
2017-04-03 00:00:00,107.22,9.34,50.71,1.0
2017-04-04 00:00:00,98.82,2.93,32.55,0.84
2017-04-05 00:00:00,78.49,2.25,24.35,0.76
2017-04-06 00:00:00,49.41,4.37,24.78,0.51
2017-04-07 00:00:00,81.29,5.11,29.23,0.86
2017-04-08 00:00:00,103.36,12.79,43.86,1.03
2017-04-09 00:00:00,88.21,12.03,38.18,0.88
2017-04-10 00:00:00,92.01,12.16,37.02,1.22
2017-04-11 00:00:00,90.2,9.4,33.63,0.79
2017-04-12 00:00:00,84.83,6.99,20.14,0.75
2017-04-13 00:00:00,105.33,16.27,53.73,1.05
2017-04-14 00:00:00,104.14,12.36,44.66,0.97
2017-04-15 00:00:00,104.39,19.02,57.32,0.97
2017-04-16 00:00:00,99.5,9.46,33.37,0.86
2017-04-17 00:00:00,79.62,9.51,26.67,0.87
2017-04-18 00:00:00,65.29,6.45,19.85,0.75
2017-04-19 00:00:00,82.62,7.61,20.92,0.78
2017-04-20 00:00:00,50.46,9.68,24.95,0.62
2017-04-21 00:00:00,79.43,7.85,20.03,0.73
2017-04-22 00:00:00,59.32,7.34,15.06,0.69
2017-04-23 00:00:00,60.96,5.5,5.29,0.72
2017-04-24 00:00:00,,,,0.0
2017-04-25 00:00:00,39.43,6.15,19.39,0.44
2017-04-26 00:00:00,127.27,19.36,68.1,1.68
2017-04-27 00:00:00,98.66,11.6,40.28,0.99
2017-04-28 00:00:00,83.33,9.26,33.75,0.95
2017-04-29 00:00:00,76.76,13.31,44.18,0.87
2017-04-30 00:00:00,113.29,16.43,57.12,0.91
2017-05-01 00:00:00,79.03,11.05,43.14,0.78
2017-05-02 00:00:00,79.3,12.88,47.6,0.9
2017-05-03 00:00:00,85.22,11.45,39.95,0.85
2017-05-04 00:00:00,90.19,13.6,50.87,0.93
2017-05-05 00:00:00,85.15,12.88,48.7,0.98
2017-05-06 00:00:00,92.6,11.38,40.25,0.73
2017-05-07 00:00:00,74.7,10.72,36.71,0.71
2017-05-08 00:00:00,54.69,9.74,32.06,0.73
2017-05-09 00:00:00,56.02,9.43,24.93,0.65
2017-05-10 00:00:00,76.08,15.09,52.06,1.1
2017-05-11 00:00:00,34.95,9.53,28.34,0.66
2017-05-12 00:00:00,63.19,15.07,41.56,0.93
2017-05-13 00:00:00,74.89,8.81,26.68,0.9
2017-05-14 00:00:00,70.19,8.61,21.47,0.75
2017-05-15 00:00:00,50.06,7.89,18.74,0.72
2017-05-16 00:00:00,65.55,8.08,26.71,0.71
2017-05-17 00:00:00,65.67,5.71,23.65,0.74
2017-05-18 00:00:00,58.6,12.44,36.74,0.69
2017-05-19 00:00:00,47.27,12.13,40.15,0.72
2017-05-20 00:00:00,67.23,20.59,53.79,0.76
2017-05-21 00:00:00,50.16,12.74,40.53,0.68
2017-05-22 00:00:00,71.84,15.58,41.62,0.65
2017-05-23 00:00:00,62.12,15.4,47.85,0.72
2017-05-24 00:00:00,56.18,9.4,31.47,0.61
2017-05-25 00:00:00,61.32,12.77,33.31,0.81
2017-05-26 00:00:00,67.45,15.66,30.87,0.82
2017-05-27 00:00:00,44.54,17.53,37.01,0.78
2017-05-28 00:00:00,53.04,15.06,26.36,0.57
2017-05-29 00:00:00,61.36,15.69,27.97,0.66
2017-05-30 00:00:00,56.14,13.13,26.5,0.67
2017-05-31 00:00:00,33.39,6.8,21.72,0.25
2017-06-01 00:00:00,60.04,10.58,44.16,0.58
2017-06-02 00:00:00,59.74,12.52,49.28,0.63
2017-06-03 00:00:00,57.36,15.87,54.37,0.61
2017-06-04 00:00:00,,,,
2017-06-05 00:00:00,80.17,9.3,49.63,1.14
2017-06-06 00:00:00,49.93,9.18,41.57,1.11
2017-06-07 00:00:00,33.1,6.77,34.0,0.97
2017-06-08 00:00:00,72.9,6.04,35.88,1.11
2017-06-09 00:00:00,81.4,11.51,41.34,1.09
2017-06-10 00:00:00,91.31,17.14,52.89,1.1
2017-06-11 00:00:00,68.74,19.14,52.76,1.03
2017-06-12 00:00:00,62.65,22.51,49.89,1.16
2017-06-13 00:00:00,82.68,16.65,45.6,1.32
2017-06-14 00:00:00,93.08,15.91,49.04,1.23
2017-06-15 00:00:00,110.66,17.76,49.57,1.26
2017-06-16 00:00:00,88.34,15.96,41.51,1.13
2017-06-17 00:00:00,92.78,16.78,42.08,1.26
2017-06-18 00:00:00,91.79,8.76,28.54,1.19
2017-06-19 00:00:00,87.82,7.57,30.08,1.11
2017-06-20 00:00:00,87.79,3.72,29.06,1.2
2017-06-21 00:00:00,114.13,6.23,40.36,1.21
2017-06-22 00:00:00,67.84,5.39,30.24,1.24
2017-06-23 00:00:00,38.83,18.02,40.65,1.13
2017-06-24 00:00:00,117.86,37.37,69.15,1.11
2017-06-25 00:00:00,87.56,30.89,63.71,1.11
2017-06-26 00:00:00,97.61,26.6,61.01,1.11
2017-06-27 00:00:00,110.49,32.89,65.51,1.17
2017-06-28 00:00:00,92.73,29.97,54.06,1.14
2017-06-29 00:00:00,77.32,44.09,47.78,1.17
2017-06-30 00:00:00,107.41,39.53,48.29,1.27
2017-07-01 00:00:00,131.1,54.62,56.88,1.31
2017-07-02 00:00:00,109.33,46.69,54.55,1.3
2017-07-03 00:00:00,89.89,43.18,47.41,1.31
2017-07-04 00:00:00,85.05,33.73,39.64,1.18
2017-07-05 00:00:00,86.38,30.37,37.34,1.24
2017-07-06 00:00:00,79.08,39.3,38.37,1.2
2017-07-07 00:00:00,46.09,18.4,20.12,0.53
2017-07-08 00:00:00,120.73,45.17,50.63,1.29
2017-07-09 00:00:00,108.35,39.84,47.59,1.23
2017-07-10 00:00:00,103.0,31.66,43.03,1.29
2017-07-11 00:00:00,86.06,44.48,43.62,1.16
2017-07-12 00:00:00,76.88,28.38,36.45,1.25
2017-07-13 00:00:00,95.94,39.51,44.58,1.22
2017-07-14 00:00:00,96.86,30.48,39.16,1.29
2017-07-15 00:00:00,112.99,37.26,44.37,1.17
2017-07-16 00:00:00,96.7,29.87,41.73,1.06
2017-07-17 00:00:00,110.72,24.4,38.18,1.15
2017-07-18 00:00:00,81.34,28.95,37.46,1.27
2017-07-19 00:00:00,67.51,45.22,42.95,1.34
2017-07-20 00:00:00,87.54,33.81,41.03,1.28
2017-07-21 00:00:00,104.78,35.47,43.47,1.27
2017-07-22 00:00:00,122.86,40.1,47.4,1.27
2017-07-23 00:00:00,116.83,33.9,44.04,1.2
2017-07-24 00:00:00,110.63,21.24,39.44,1.23
2017-07-25 00:00:00,98.98,19.03,36.54,1.14
2017-07-26 00:00:00,106.37,21.78,39.14,1.21
2017-07-27 00:00:00,94.22,25.45,38.95,1.19
2017-07-28 00:00:00,75.24,20.64,34.41,1.09
2017-07-29 00:00:00,88.62,21.76,36.28,1.25
2017-07-30 00:00:00,89.3,25.71,35.56,1.13
2017-07-31 00:00:00,89.99,22.46,36.16,1.26
2017-08-01 00:00:00,84.83,15.44,31.53,1.34
2017-08-02 00:00:00,87.17,16.72,31.37,1.12
2017-08-03 00:00:00,73.71,20.96,33.34,1.19
2017-08-04 00:00:00,60.15,22.84,33.49,1.18
2017-08-05 00:00:00,78.28,27.02,37.27,1.23
2017-08-06 00:00:00,82.47,19.57,34.76,1.11
2017-08-07 00:00:00,86.96,18.79,37.02,1.22
2017-08-08 00:00:00,102.97,17.61,36.48,1.2
2017-08-09 00:00:00,90.15,46.48,45.61,1.3
2017-08-10 00:00:00,69.44,32.71,39.99,1.22
2017-08-11 00:00:00,66.02,29.27,42.21,1.13
2017-08-12 00:00:00,65.45,19.62,38.65,1.1
2017-08-13 00:00:00,116.98,27.65,39.69,1.15
2017-08-14 00:00:00,116.78,24.77,42.78,1.13
2017-08-15 00:00:00,64.23,30.29,39.56,1.27
2017-08-16 00:00:00,58.98,19.9,30.81,1.93
2017-08-17 00:00:00,71.91,26.58,87.82,1.89
2017-08-18 00:00:00,53.27,22.29,48.19,1.17
2017-08-19 00:00:00,50.87,27.25,37.45,1.28
2017-08-20 00:00:00,63.7,37.65,39.34,1.32
2017-08-21 00:00:00,86.96,32.14,35.53,1.31
2017-08-22 00:00:00,85.37,28.67,33.82,1.4
2017-08-23 00:00:00,73.2,20.09,33.26,1.21
2017-08-24 00:00:00,59.91,26.95,34.97,1.23
2017-08-25 00:00:00,50.7,18.32,30.62,1.16
2017-08-26 00:00:00,69.9,25.86,31.51,1.21
2017-08-27 00:00:00,48.4,28.58,32.63,1.2
2017-08-28 00:00:00,85.42,40.03,37.89,1.36
2017-08-29 00:00:00,103.28,38.45,38.09,1.5
2017-08-30 00:00:00,90.59,24.25,31.56,1.29
2017-08-31 00:00:00,115.96,19.9,32.94,1.26
2017-09-01 00:00:00,89.68,31.4,34.44,1.31
2017-09-02 00:00:00,81.99,62.6,49.03,1.44
2017-09-03 00:00:00,59.57,41.25,44.64,1.27
2017-09-04 00:00:00,99.32,57.41,49.05,1.45
2017-09-05 00:00:00,96.34,32.5,38.67,1.34
2017-09-06 00:00:00,43.58,39.99,41.46,1.37
2017-09-07 00:00:00,103.61,37.18,47.76,1.38
2017-09-08 00:00:00,70.58,29.35,45.81,1.36
2017-09-09 00:00:00,84.64,33.14,49.19,1.36
2017-09-10 00:00:00,96.23,58.45,54.09,1.37
2017-09-11 00:00:00,115.32,39.9,62.58,1.44
2017-09-12 00:00:00,101.65,28.64,60.87,1.42
2017-09-13 00:00:00,108.9,25.47,58.73,1.37
2017-09-14 00:00:00,87.87,18.48,43.54,1.29
2017-09-15 00:00:00,76.32,28.24,52.71,1.31
2017-09-16 00:00:00,87.31,29.88,55.05,1.3
2017-09-17 00:00:00,51.57,27.99,51.23,1.34
2017-09-18 00:00:00,65.67,23.03,44.51,1.3
2017-09-19 00:00:00,88.08,18.84,41.52,1.19
2017-09-20 00:00:00,80.02,14.15,38.8,1.39
2017-09-21 00:00:00,60.19,14.51,32.71,0.86
2017-09-22 00:00:00,77.07,16.48,41.41,1.26
2017-09-23 00:00:00,92.8,26.15,55.18,1.31
2017-09-24 00:00:00,107.9,28.29,57.58,1.24
2017-09-25 00:00:00,54.85,20.22,49.78,1.18
2017-09-26 00:00:00,78.24,14.34,40.47,1.21
2017-09-27 00:00:00,46.24,26.24,55.47,1.13
2017-09-28 00:00:00,59.32,7.59,33.43,0.84
2017-09-29 00:00:00,71.1,17.86,54.89,1.39
2017-09-30 00:00:00,71.61,16.22,44.91,1.28
2017-10-01 00:00:00,60.88,12.83,53.22,1.06
2017-10-02 00:00:00,55.0,12.6,48.74,1.42
2017-10-03 00:00:00,77.03,13.41,45.98,1.28
2017-10-04 00:00:00,62.8,7.68,38.3,1.09
2017-10-05 00:00:00,44.44,33.9,68.55,1.51
2017-10-06 00:00:00,58.23,20.67,54.73,1.43
2017-10-07 00:00:00,85.86,24.12,51.62,1.37
2017-10-08 00:00:00,70.52,17.42,44.37,1.37
2017-10-09 00:00:00,80.28,11.77,37.27,1.05
2017-10-10 00:00:00,75.79,20.74,47.39,1.35
2017-10-11 00:00:00,58.5,30.2,53.91,1.41
2017-10-12 00:00:00,55.55,20.89,52.42,1.25
2017-10-13 00:00:00,46.16,23.46,51.07,1.3
2017-10-14 00:00:00,43.58,23.39,44.32,1.33
2017-10-15 00:00:00,47.65,32.28,56.17,1.31
2017-10-16 00:00:00,80.35,26.62,46.93,1.27
2017-10-17 00:00:00,130.05,49.15,69.3,1.45
2017-10-18 00:00:00,184.49,41.94,67.7,1.63
2017-10-19 00:00:00,200.58,32.21,58.9,1.64
2017-10-20 00:00:00,264.19,29.9,56.44,1.65
2017-10-21 00:00:00,134.16,16.94,45.14,2.4
2017-10-22 00:00:00,120.67,17.01,43.95,2.26
2017-10-23 00:00:00,127.25,21.17,53.9,2.46
2017-10-24 00:00:00,181.16,55.78,105.12,2.51
2017-10-25 00:00:00,124.13,46.54,82.45,2.31
2017-10-26 00:00:00,88.21,47.05,71.25,2.32
2017-10-27 00:00:00,87.22,38.77,65.03,2.14
2017-10-28 00:00:00,92.89,42.49,73.1,2.38
2017-10-29 00:00:00,99.4,39.07,72.27,2.0
2017-10-30 00:00:00,85.11,29.29,61.9,1.7
2017-10-31 00:00:00,94.53,40.1,73.49,1.16
2017-11-01 00:00:00,37.3,10.83,24.6,0.44
2017-11-02 00:00:00,44.73,14.8,30.23,0.38
2017-11-03 00:00:00,107.23,35.86,67.82,0.99
2017-11-04 00:00:00,82.29,47.15,79.41,1.12
2017-11-05 00:00:00,48.49,53.27,68.86,1.02
2017-11-06 00:00:00,34.77,30.73,55.14,0.6
2017-11-07 00:00:00,73.2,40.85,84.59,1.23
2017-11-08 00:00:00,37.22,30.33,65.51,1.14
2017-11-09 00:00:00,98.53,35.28,91.16,2.22
2017-11-10 00:00:00,52.22,24.05,59.67,0.8
2017-11-11 00:00:00,89.77,26.93,80.66,1.36
2017-11-12 00:00:00,89.59,28.3,86.12,1.35
2017-11-13 00:00:00,80.29,29.84,85.2,1.23
2017-11-14 00:00:00,79.89,20.29,63.91,1.33
2017-11-15 00:00:00,77.34,9.99,51.63,1.3
2017-11-16 00:00:00,91.61,24.18,78.16,1.37
2017-11-17 00:00:00,90.71,12.15,61.35,1.47
2017-11-18 00:00:00,65.07,20.6,64.33,0.94
2017-11-19 00:00:00,80.84,31.53,85.42,1.38
2017-11-20 00:00:00,82.87,35.56,89.73,1.49
2017-11-21 00:00:00,48.27,31.74,67.42,1.31
2017-11-22 00:00:00,56.18,31.2,75.91,1.22
2017-11-23 00:00:00,75.31,31.36,96.37,1.48
2017-11-24 00:00:00,99.08,31.3,97.49,1.4
2017-11-25 00:00:00,101.56,37.45,105.25,1.42
2017-11-26 00:00:00,87.59,39.12,104.53,1.38
2017-11-27 00:00:00,75.49,43.08,101.56,1.36
2017-11-28 00:00:00,83.85,40.67,101.98,1.42
2017-11-29 00:00:00,81.99,26.83,76.36,1.1
2017-11-30 00:00:00,49.12,24.16,58.66,1.48
2017-12-01 00:00:00,29.71,,,1.31
2017-12-02 00:00:00,103.04,,,1.2
2017-12-03 00:00:00,86.83,,,1.22
2017-12-04 00:00:00,119.04,,,1.47
2017-12-05 00:00:00,85.2,,,1.34
2017-12-06 00:00:00,112.73,,,1.38
2017-12-07 00:00:00,103.2,,,1.26
2017-12-08 00:00:00,128.19,,,1.24
2017-12-09 00:00:00,134.25,,,1.32
2017-12-10 00:00:00,136.95,,,1.27
2017-12-11 00:00:00,49.2,,,0.54
2017-12-12 00:00:00,25.98,,,0.2
2017-12-13 00:00:00,106.89,,,1.0
2017-12-14 00:00:00,91.34,,,1.26
2017-12-15 00:00:00,72.06,,,1.32
2017-12-16 00:00:00,101.27,,,1.5
2017-12-17 00:00:00,94.44,,,1.3
2017-12-18 00:00:00,105.18,,,1.26
2017-12-19 00:00:00,92.41,,,1.33
2017-12-20 00:00:00,90.39,,,1.38
2017-12-21 00:00:00,78.72,,,1.33
2017-12-22 00:00:00,79.01,,,1.26
2017-12-23 00:00:00,82.02,,,1.13
2017-12-24 00:00:00,,,,
2017-12-25 00:00:00,,,,
2017-12-26 00:00:00,89.54,,,1.18
2017-12-27 00:00:00,107.29,,,1.29
2017-12-28 00:00:00,103.41,,,1.28
2017-12-29 00:00:00,95.27,,,1.28
2017-12-30 00:00:00,88.01,,,1.2
2017-12-31 00:00:00,76.69,,,1.09
2018-01-01 00:00:00,93.04,11.14,32.78,1.05
2018-01-02 00:00:00,92.28,7.72,33.0,1.02
2018-01-03 00:00:00,82.1,10.15,38.71,1.11
2018-01-04 00:00:00,95.24,9.09,44.11,0.95
2018-01-05 00:00:00,111.5,10.84,52.0,1.07
2018-01-06 00:00:00,107.03,8.65,44.1,1.0
2018-01-07 00:00:00,101.85,9.49,45.08,0.98
2018-01-08 00:00:00,93.43,7.37,42.5,1.08
2018-01-09 00:00:00,93.42,7.29,39.52,1.12
2018-01-10 00:00:00,81.92,7.9,33.42,0.99
2018-01-11 00:00:00,80.88,13.95,61.36,1.06
2018-01-12 00:00:00,105.6,16.23,51.29,1.09
2018-01-13 00:00:00,151.16,16.34,53.85,1.02
2018-01-14 00:00:00,166.69,11.93,44.6,1.04
2018-01-15 00:00:00,146.23,8.52,37.6,1.01
2018-01-16 00:00:00,135.79,9.61,39.53,0.96
2018-01-17 00:00:00,153.14,8.67,37.79,1.02
2018-01-18 00:00:00,152.43,11.5,46.26,1.43
2018-01-19 00:00:00,134.99,9.1,42.66,2.06
2018-01-20 00:00:00,164.12,10.88,47.23,2.03
2018-01-21 00:00:00,151.63,8.86,40.95,2.02
2018-01-22 00:00:00,173.81,8.06,39.81,2.03
2018-01-23 00:00:00,191.34,6.55,32.98,2.08
2018-01-24 00:00:00,175.1,8.84,36.91,1.97
2018-01-25 00:00:00,178.78,8.73,37.37,1.48
2018-01-26 00:00:00,164.26,8.09,41.38,0.82
2018-01-27 00:00:00,194.18,7.45,36.77,1.02
2018-01-28 00:00:00,177.0,10.13,48.22,1.19
2018-01-29 00:00:00,163.81,10.63,54.11,1.48
2018-01-30 00:00:00,167.4,8.55,37.07,1.28
2018-01-31 00:00:00,161.72,7.81,36.19,1.29
2018-02-01 00:00:00,157.07,11.85,45.97,1.34
2018-02-02 00:00:00,150.8,6.6,37.84,1.4
2018-02-03 00:00:00,153.43,8.2,41.1,1.45
2018-02-04 00:00:00,140.18,6.91,35.16,1.41
2018-02-05 00:00:00,140.76,9.57,39.43,1.38
2018-02-06 00:00:00,124.07,4.8,23.43,0.88
2018-02-07 00:00:00,141.28,6.49,24.78,1.31
2018-02-08 00:00:00,133.01,11.09,37.96,1.45
2018-02-09 00:00:00,138.71,6.59,29.64,1.36
2018-02-10 00:00:00,127.22,10.0,34.94,1.3
2018-02-11 00:00:00,149.69,7.39,27.51,1.3
2018-02-12 00:00:00,132.35,7.42,28.37,1.52
2018-02-13 00:00:00,1.57,0.04,0.19,1.4
2018-02-14 00:00:00,,,,1.32
2018-02-15 00:00:00,,,,1.26
2018-02-16 00:00:00,,,,1.41
2018-02-17 00:00:00,,,,1.37
2018-02-18 00:00:00,,,,1.29
2018-02-19 00:00:00,,,,1.34
2018-02-20 00:00:00,,,,1.48
2018-02-21 00:00:00,,,,1.37
2018-02-22 00:00:00,,,,1.23
2018-02-23 00:00:00,,,,0.99
2018-02-24 00:00:00,,,,1.31
2018-02-25 00:00:00,,,,0.96
2018-02-26 00:00:00,,,,1.32
2018-02-27 00:00:00,,,,1.34
2018-02-28 00:00:00,,,,1.25
2018-03-01 00:00:00,,,,0.73
2018-03-02 00:00:00,,,,0.98
2018-03-03 00:00:00,,,,1.07
2018-03-04 00:00:00,,,,1.27
2018-03-05 00:00:00,,,,1.37
2018-03-06 00:00:00,,,,1.26
2018-03-07 00:00:00,,,,1.2
2018-03-08 00:00:00,,,,1.2
2018-03-09 00:00:00,,,,1.26
2018-03-10 00:00:00,,,,1.2
2018-03-11 00:00:00,,,,1.03
2018-03-12 00:00:00,,,,1.56
2018-03-13 00:00:00,,,,1.89
2018-03-14 00:00:00,,,,1.94
2018-03-15 00:00:00,,,,1.87
2018-03-16 00:00:00,,,23.51,1.66
2018-03-17 00:00:00,,,,2.05
2018-03-18 00:00:00,,,,2.18
2018-03-19 00:00:00,,,,1.73
2018-03-20 00:00:00,,,,1.84
2018-03-21 00:00:00,,,,1.82
2018-03-22 00:00:00,,,,1.74
2018-03-23 00:00:00,,,,1.76
2018-03-24 00:00:00,,,,1.73
2018-03-25 00:00:00,,,,1.74
2018-03-26 00:00:00,,,,
2018-03-27 00:00:00,,,,
2018-03-28 00:00:00,,,,2.26
2018-03-29 00:00:00,,,,1.87
2018-03-30 00:00:00,,,,1.68
2018-03-31 00:00:00,,,,1.81
2018-04-01 00:00:00,,,,3.56
2018-04-02 00:00:00,,,,1.88
2018-04-03 00:00:00,,,,1.68
2018-04-04 00:00:00,,,,1.33
2018-04-05 00:00:00,,,,2.42
2018-04-06 00:00:00,,,,1.53
2018-04-07 00:00:00,,,,1.23
2018-04-08 00:00:00,,,,
2018-04-09 00:00:00,,,,
2018-04-10 00:00:00,,,,1.41
2018-04-11 00:00:00,,,,1.38
2018-04-12 00:00:00,,,,1.26
2018-04-13 00:00:00,,,,1.51
2018-04-14 00:00:00,,,,1.72
2018-04-15 00:00:00,,,,1.34
2018-04-16 00:00:00,,,,
2018-04-17 00:00:00,,,,1.77
2018-04-18 00:00:00,,,,1.37
2018-04-19 00:00:00,,,,1.25
2018-04-20 00:00:00,,,,0.84
2018-04-21 00:00:00,,,,0.87
2018-04-22 00:00:00,,,,0.87
2018-04-23 00:00:00,,,,1.15
2018-04-24 00:00:00,,,,1.23
2018-04-25 00:00:00,,,,1.37
2018-04-26 00:00:00,,,,1.22
2018-04-27 00:00:00,,,,1.41
2018-04-28 00:00:00,,,,1.36
2018-04-29 00:00:00,,,,0.66
2018-04-30 00:00:00,,,,
2018-05-01 00:00:00,,,,
2018-05-02 00:00:00,,,,1.52
2018-05-03 00:00:00,,,,1.36
2018-05-04 00:00:00,,,,1.41
2018-05-05 00:00:00,,,,0.96
2018-05-06 00:00:00,,,,1.2
2018-05-07 00:00:00,,,,1.4
2018-05-08 00:00:00,,,,
2018-05-09 00:00:00,,,,1.31
2018-05-10 00:00:00,,,,1.28
2018-05-11 00:00:00,,,,1.41
2018-05-12 00:00:00,,,,1.38
2018-05-13 00:00:00,,,,1.39
2018-05-14 00:00:00,,,,1.37
2018-05-15 00:00:00,,,,1.08
2018-05-16 00:00:00,,,,1.4
2018-05-17 00:00:00,,,,1.28
2018-05-18 00:00:00,,,39.23,1.66
2018-05-19 00:00:00,,,56.65,1.38
2018-05-20 00:00:00,,,,
2018-05-21 00:00:00,,,,
2018-05-22 00:00:00,,7.04,30.1,1.54
2018-05-23 00:00:00,,11.08,30.35,1.36
2018-05-24 00:00:00,,8.81,27.25,1.41
2018-05-25 00:00:00,,12.48,28.98,1.5
2018-05-26 00:00:00,,24.36,34.01,1.47
2018-05-27 00:00:00,,21.86,42.22,1.79
2018-05-28 00:00:00,,12.23,26.38,2.0
2018-05-29 00:00:00,,11.55,21.66,2.0
2018-05-30 00:00:00,,7.18,14.96,2.1
2018-05-31 00:00:00,,12.76,25.58,2.01
2018-06-01 00:00:00,,13.62,23.82,1.97
2018-06-02 00:00:00,,14.16,29.37,1.86
2018-06-03 00:00:00,,13.23,21.62,1.93
2018-06-04 00:00:00,,14.0,21.2,1.85
2018-06-05 00:00:00,,13.59,18.34,2.01
2018-06-06 00:00:00,,12.11,18.46,1.97
2018-06-07 00:00:00,,20.32,29.03,1.81
2018-06-08 00:00:00,,20.26,24.87,2.04
2018-06-09 00:00:00,,18.5,23.98,2.0
2018-06-10 00:00:00,,27.19,29.52,1.94
2018-06-11 00:00:00,,19.51,23.11,1.97
2018-06-12 00:00:00,,17.06,19.42,2.07
2018-06-13 00:00:00,,19.29,22.46,2.05
2018-06-14 00:00:00,,21.83,27.53,1.86
2018-06-15 00:00:00,,14.59,19.27,2.01
2018-06-16 00:00:00,,17.37,21.75,2.07
2018-06-17 00:00:00,,19.88,21.11,2.04
2018-06-18 00:00:00,192.9,20.94,22.82,2.04
2018-06-19 00:00:00,135.23,19.08,18.34,1.94
2018-06-20 00:00:00,108.77,19.56,19.36,2.03
2018-06-21 00:00:00,97.82,17.49,38.31,1.89
2018-06-22 00:00:00,98.91,11.91,24.42,1.95
2018-06-23 00:00:00,80.0,16.84,24.88,1.79
2018-06-24 00:00:00,109.29,22.43,29.66,1.59
2018-06-25 00:00:00,110.06,14.62,20.45,1.69
2018-06-26 00:00:00,88.93,13.86,16.53,1.83
2018-06-27 00:00:00,,23.52,31.33,2.07
2018-06-28 00:00:00,,,,1.61
2018-06-29 00:00:00,,,,1.65
2018-06-30 00:00:00,,,,1.63
2018-07-01 00:00:00,,,,1.64
2018-07-02 00:00:00,6.7,,,1.92
2018-07-03 00:00:00,1.11,,,1.72
2018-07-04 00:00:00,,,,1.7
2018-07-05 00:00:00,,,,1.8
2018-07-06 00:00:00,,,,1.8
2018-07-07 00:00:00,93.09,13.8,41.48,1.31
2018-07-08 00:00:00,64.81,5.91,4.37,1.34
2018-07-09 00:00:00,88.26,9.61,12.11,1.44
2018-07-10 00:00:00,,9.3,9.37,1.27
2018-07-11 00:00:00,80.51,10.48,20.94,1.03
2018-07-12 00:00:00,118.23,8.54,9.03,2.11
2018-07-13 00:00:00,66.11,8.73,9.87,1.41
2018-07-14 00:00:00,,6.73,7.92,1.32
2018-07-15 00:00:00,,,,
2018-07-16 00:00:00,,9.24,15.68,1.67
2018-07-17 00:00:00,,1.61,1.73,1.36
2018-07-18 00:00:00,,1.2,3.27,1.38
2018-07-19 00:00:00,,6.03,23.5,1.4
2018-07-20 00:00:00,52.3,14.06,27.11,2.0
2018-07-21 00:00:00,125.18,14.08,27.1,2.41
2018-07-22 00:00:00,125.04,14.06,27.13,2.41
2018-07-23 00:00:00,90.54,14.1,27.04,0.84
2018-07-24 00:00:00,72.91,,,1.66
2018-07-25 00:00:00,68.0,29.64,75.3,1.44
2018-07-26 00:00:00,92.29,47.83,101.18,1.43
2018-07-27 00:00:00,101.11,24.54,82.37,1.3
2018-07-28 00:00:00,105.06,,,1.44
2018-07-29 00:00:00,82.93,,,1.28
2018-07-30 00:00:00,94.71,,,1.4
2018-07-31 00:00:00,99.75,12.06,54.28,1.26
2018-08-01 00:00:00,122.9,31.24,37.69,1.3
2018-08-02 00:00:00,120.76,34.76,30.75,1.25
2018-08-03 00:00:00,134.09,36.75,23.96,1.24
2018-08-04 00:00:00,164.03,47.65,19.92,1.19
2018-08-05 00:00:00,109.8,24.44,18.75,1.07
2018-08-06 00:00:00,128.05,14.32,43.43,1.24
2018-08-07 00:00:00,93.03,19.71,33.71,1.28
2018-08-08 00:00:00,69.94,9.22,25.87,1.33
2018-08-09 00:00:00,72.7,8.34,31.2,1.2
2018-08-10 00:00:00,64.74,,,1.24
2018-08-11 00:00:00,59.95,89.75,52.36,1.3
2018-08-12 00:00:00,38.56,,,1.24
2018-08-13 00:00:00,71.69,12.37,72.4,1.31
2018-08-14 00:00:00,46.64,6.98,35.45,1.22
2018-08-15 00:00:00,58.25,,,1.34
2018-08-16 00:00:00,49.13,,,1.46
2018-08-17 00:00:00,120.49,3.48,12.8,1.56
2018-08-18 00:00:00,122.42,2.82,6.91,1.36
2018-08-19 00:00:00,78.29,5.04,14.71,1.27
2018-08-20 00:00:00,144.72,7.68,27.61,1.32
2018-08-21 00:00:00,136.15,7.82,27.92,1.28
2018-08-22 00:00:00,113.33,13.04,27.48,1.3
2018-08-23 00:00:00,76.21,16.94,18.14,1.33
2018-08-24 00:00:00,92.16,16.07,17.62,1.34
2018-08-25 00:00:00,104.27,14.11,17.29,1.24
2018-08-26 00:00:00,77.72,19.59,13.49,1.29
2018-08-27 00:00:00,109.56,16.63,16.94,1.24
2018-08-28 00:00:00,92.44,17.61,20.41,1.15
2018-08-29 00:00:00,81.92,17.04,14.79,1.37
2018-08-30 00:00:00,83.87,16.41,15.42,1.3
2018-08-31 00:00:00,90.39,12.77,14.97,1.28
2018-09-01 00:00:00,131.0,16.12,16.08,1.37
2018-09-02 00:00:00,75.25,7.45,12.45,1.21
2018-09-03 00:00:00,130.01,9.72,16.83,1.34
2018-09-04 00:00:00,134.22,11.91,18.61,1.3
2018-09-05 00:00:00,119.82,9.96,17.69,1.24
2018-09-06 00:00:00,101.57,8.93,22.58,1.3
2018-09-07 00:00:00,94.15,8.84,22.57,1.22
2018-09-08 00:00:00,95.78,10.9,26.09,1.26
2018-09-09 00:00:00,106.87,10.6,33.06,1.34
2018-09-10 00:00:00,97.15,6.68,26.55,1.34
2018-09-11 00:00:00,123.38,9.22,34.42,1.23
2018-09-12 00:00:00,138.51,16.62,41.48,1.22
2018-09-13 00:00:00,135.04,13.34,37.64,1.14
2018-09-14 00:00:00,130.63,15.03,45.0,1.16
2018-09-15 00:00:00,75.02,12.78,37.06,1.21
2018-09-16 00:00:00,78.62,18.22,37.52,1.08
2018-09-17 00:00:00,65.16,13.77,30.02,1.13
2018-09-18 00:00:00,88.18,7.37,19.19,1.17
2018-09-19 00:00:00,95.19,7.09,20.19,1.2
2018-09-20 00:00:00,98.92,8.9,25.03,1.19
2018-09-21 00:00:00,121.96,17.74,36.94,1.28
2018-09-22 00:00:00,126.09,14.55,35.0,1.17
2018-09-23 00:00:00,149.49,23.53,53.95,1.33
2018-09-24 00:00:00,74.38,15.65,39.61,1.24
2018-09-25 00:00:00,83.31,24.66,47.4,1.32
2018-09-26 00:00:00,81.83,16.53,44.6,1.2
2018-09-27 00:00:00,104.8,21.15,46.62,1.19
2018-09-28 00:00:00,143.43,35.21,59.71,1.27
2018-09-29 00:00:00,146.26,49.79,70.89,1.42
2018-09-30 00:00:00,113.19,35.92,55.74,1.2
2018-10-01 00:00:00,142.46,36.73,60.65,1.32
2018-10-02 00:00:00,118.06,31.69,49.96,1.31
2018-10-03 00:00:00,104.92,26.06,43.2,1.18
2018-10-04 00:00:00,88.45,32.87,47.25,1.17
2018-10-05 00:00:00,69.47,30.17,40.97,1.21
2018-10-06 00:00:00,118.22,46.2,61.85,1.3
2018-10-07 00:00:00,157.06,40.92,64.28,1.29
2018-10-08 00:00:00,178.51,26.99,53.51,1.26
2018-10-09 00:00:00,156.48,31.52,61.23,1.22
2018-10-10 00:00:00,167.38,24.69,53.23,1.19
2018-10-11 00:00:00,175.41,20.29,56.25,1.2
2018-10-12 00:00:00,186.57,65.41,101.42,1.11
2018-10-13 00:00:00,220.45,24.68,58.25,0.94
2018-10-14 00:00:00,139.58,21.26,48.32,1.23
2018-10-15 00:00:00,120.96,20.33,46.69,1.28
2018-10-16 00:00:00,182.24,28.32,59.78,1.24
2018-10-17 00:00:00,93.45,16.84,36.96,1.13
2018-10-18 00:00:00,100.74,26.16,53.8,1.27
2018-10-19 00:00:00,135.76,25.73,51.25,1.25
2018-10-20 00:00:00,185.58,32.24,65.44,1.25
2018-10-21 00:00:00,213.73,47.98,83.79,1.23
2018-10-22 00:00:00,218.13,61.05,103.24,1.26
2018-10-23 00:00:00,,,,
2018-10-24 00:00:00,195.34,35.07,81.84,1.22
2018-10-25 00:00:00,188.2,28.2,64.98,1.18
2018-10-26 00:00:00,189.34,34.04,74.07,1.34
2018-10-27 00:00:00,168.32,30.73,89.7,1.43
2018-10-28 00:00:00,122.7,15.15,65.74,1.0
2018-10-29 00:00:00,141.29,22.61,87.47,1.38
2018-10-30 00:00:00,147.92,27.51,99.1,1.14
2018-10-31 00:00:00,139.16,21.46,75.32,1.23
2018-11-01 00:00:00,95.68,26.15,58.67,1.18
2018-11-02 00:00:00,82.25,15.79,37.65,1.0
2018-11-03 00:00:00,104.86,24.3,59.54,1.38
2018-11-04 00:00:00,127.44,18.26,45.48,1.49
2018-11-05 00:00:00,151.7,22.68,55.1,2.33
2018-11-06 00:00:00,152.71,20.07,51.09,2.46
2018-11-07 00:00:00,162.54,19.9,54.41,2.49
2018-11-08 00:00:00,127.93,18.11,51.86,1.01
2018-11-09 00:00:00,94.4,19.67,57.44,1.69
2018-11-10 00:00:00,87.37,20.96,57.73,1.56
2018-11-11 00:00:00,101.54,20.0,53.83,1.4
2018-11-12 00:00:00,153.92,18.56,52.99,1.43
2018-11-13 00:00:00,116.86,14.18,47.82,1.43
2018-11-14 00:00:00,180.06,27.09,69.75,1.51
2018-11-15 00:00:00,144.2,15.16,43.47,1.35
2018-11-16 00:00:00,106.71,13.38,39.77,1.47
2018-11-17 00:00:00,163.24,7.4,24.25,1.65
2018-11-18 00:00:00,139.15,6.29,18.03,1.62
2018-11-19 00:00:00,103.67,7.13,18.3,1.59
2018-11-20 00:00:00,113.5,6.77,16.64,1.58
2018-11-21 00:00:00,106.33,2.94,10.5,1.53
2018-11-22 00:00:00,,,,
2018-11-23 00:00:00,69.01,10.72,22.24,1.64
2018-11-24 00:00:00,155.28,6.71,16.88,1.64
2018-11-25 00:00:00,180.82,2.15,6.67,1.55
2018-11-26 00:00:00,207.95,2.61,10.96,1.62
2018-11-27 00:00:00,174.03,11.3,26.81,1.6
2018-11-28 00:00:00,154.15,25.57,21.12,1.61
2018-11-29 00:00:00,141.04,28.61,18.24,1.6
2018-11-30 00:00:00,107.05,30.86,22.88,1.61
2018-12-01 00:00:00,157.67,30.82,23.08,1.58
2018-12-02 00:00:00,119.79,27.46,21.2,1.6
2018-12-03 00:00:00,128.95,29.31,20.71,1.61
2018-12-04 00:00:00,103.66,31.22,19.19,1.6
2018-12-05 00:00:00,154.71,31.49,15.73,1.6
2018-12-06 00:00:00,121.41,26.97,16.34,1.56
2018-12-07 00:00:00,467.23,30.88,15.88,1.34
2018-12-08 00:00:00,15.1,30.92,15.93,1.2
2018-12-09 00:00:00,,,,
2018-12-10 00:00:00,166.88,37.46,30.37,1.43
2018-12-11 00:00:00,330.73,22.32,23.92,1.37
2018-12-12 00:00:00,239.0,25.12,34.69,1.38
2018-12-13 00:00:00,5.98,22.44,37.7,1.39
2018-12-14 00:00:00,,26.92,36.29,1.37
2018-12-15 00:00:00,,30.29,35.27,1.34
2018-12-16 00:00:00,,8.28,24.13,1.25
2018-12-17 00:00:00,196.96,56.81,50.77,1.6
2018-12-18 00:00:00,161.91,38.72,44.42,1.45
2018-12-19 00:00:00,104.96,26.03,37.9,1.38
2018-12-20 00:00:00,154.15,37.25,50.39,1.38
2018-12-21 00:00:00,114.66,29.36,39.63,1.37
2018-12-22 00:00:00,123.33,33.46,47.5,1.39
2018-12-23 00:00:00,95.67,27.75,33.58,1.33
2018-12-24 00:00:00,115.8,37.02,43.04,1.43
2018-12-25 00:00:00,115.23,28.04,40.88,1.34
2018-12-26 00:00:00,119.74,30.31,42.02,1.36
2018-12-27 00:00:00,117.58,12.05,29.07,1.33
2018-12-28 00:00:00,124.93,27.72,41.26,1.39
2018-12-29 00:00:00,121.45,32.17,40.41,1.37
2018-12-30 00:00:00,97.49,9.26,19.95,1.25
2018-12-31 00:00:00,142.35,45.22,52.2,1.44
2019-01-01 00:00:00,124.06,31.75,43.34,1.4
2019-01-02 00:00:00,111.28,28.58,41.71,2.07
2019-01-03 00:00:00,108.99,33.59,42.89,2.06
2019-01-04 00:00:00,112.2,34.27,44.22,1.77
2019-01-05 00:00:00,111.99,28.4,45.76,1.44
2019-01-06 00:00:00,118.48,21.68,42.78,1.36
2019-01-07 00:00:00,129.67,32.84,53.52,1.45
2019-01-08 00:00:00,110.79,23.24,42.83,1.42
2019-01-09 00:00:00,137.59,26.04,48.26,1.44
2019-01-10 00:00:00,137.72,30.96,57.21,1.52
2019-01-11 00:00:00,158.27,51.5,72.17,1.55
2019-01-12 00:00:00,141.63,27.5,50.86,1.38
2019-01-13 00:00:00,122.74,26.3,46.69,1.39
2019-01-14 00:00:00,128.92,27.06,45.69,1.4
2019-01-15 00:00:00,107.49,38.81,52.3,1.4
2019-01-16 00:00:00,158.24,37.2,63.37,1.54
2019-01-17 00:00:00,136.79,29.73,47.14,1.43
2019-01-18 00:00:00,129.95,31.57,50.67,1.44
2019-01-19 00:00:00,110.75,6.81,22.72,1.28
2019-01-20 00:00:00,,,,
2019-01-21 00:00:00,157.83,36.92,59.12,1.44
2019-01-22 00:00:00,119.41,12.29,30.93,1.32
2019-01-23 00:00:00,194.52,42.39,73.34,1.59
2019-01-24 00:00:00,137.63,19.03,41.83,1.44
2019-01-25 00:00:00,127.15,28.36,48.4,1.5
2019-01-26 00:00:00,127.24,22.64,38.9,1.36
2019-01-27 00:00:00,110.39,20.94,36.25,1.34
2019-01-28 00:00:00,104.68,13.64,28.32,0.62
2019-01-29 00:00:00,51.54,17.57,28.03,1.28
2019-01-30 00:00:00,,,,
2019-01-31 00:00:00,193.29,24.74,48.18,1.44
2019-02-01 00:00:00,128.58,6.11,15.4,1.24
2019-02-02 00:00:00,224.04,34.41,57.12,1.5
2019-02-03 00:00:00,148.55,14.81,30.21,1.3
2019-02-04 00:00:00,,,,
2019-02-05 00:00:00,,,,
2019-02-06 00:00:00,242.31,28.84,57.34,1.5
2019-02-07 00:00:00,169.51,14.53,31.73,1.34
2019-02-08 00:00:00,,,,
2019-02-09 00:00:00,198.58,9.35,44.54,1.43
2019-02-10 00:00:00,,,,
2019-02-11 00:00:00,,,,
2019-02-12 00:00:00,,,,
2019-02-13 00:00:00,204.91,20.37,44.33,2.21
2019-02-14 00:00:00,178.59,38.67,57.66,1.46
2019-02-15 00:00:00,165.89,24.55,46.08,1.39
2019-02-16 00:00:00,180.59,23.76,48.33,1.42
2019-02-17 00:00:00,165.37,10.27,28.35,1.31
2019-02-18 00:00:00,166.48,23.17,47.31,1.43
2019-02-19 00:00:00,167.5,14.43,37.24,1.31
2019-02-20 00:00:00,168.48,26.77,50.55,1.39
2019-02-21 00:00:00,167.61,25.29,45.21,1.39
2019-02-22 00:00:00,182.82,36.15,55.67,1.4
2019-02-23 00:00:00,189.37,44.47,70.66,1.44
2019-02-24 00:00:00,164.32,35.27,63.62,1.42
2019-02-25 00:00:00,159.39,36.6,63.04,1.46
2019-02-26 00:00:00,170.23,7.67,37.3,1.31
2019-02-27 00:00:00,,17.54,56.64,1.83
2019-02-28 00:00:00,211.25,11.88,34.45,1.36
2019-03-01 00:00:00,201.14,22.47,64.89,1.41
2019-03-02 00:00:00,148.43,23.27,48.2,1.37
2019-03-03 00:00:00,149.37,25.44,49.71,1.36
2019-03-04 00:00:00,150.59,12.81,39.48,1.33
2019-03-05 00:00:00,153.53,9.37,35.1,1.33
2019-03-06 00:00:00,134.34,7.84,25.06,1.22
2019-03-07 00:00:00,228.1,23.99,52.01,1.51
2019-03-08 00:00:00,191.1,28.46,61.63,1.42
2019-03-09 00:00:00,159.8,11.54,31.63,1.23
2019-03-10 00:00:00,,,,
2019-03-11 00:00:00,,,,
2019-03-12 00:00:00,203.59,23.46,57.66,1.47
2019-03-13 00:00:00,175.76,23.01,52.17,1.52
2019-03-14 00:00:00,185.8,22.17,54.17,1.56
2019-03-15 00:00:00,168.65,24.64,59.02,1.98
2019-03-16 00:00:00,170.43,26.52,58.31,2.02
2019-03-17 00:00:00,181.18,26.91,62.27,1.75
2019-03-18 00:00:00,222.09,8.12,40.41,1.32
2019-03-19 00:00:00,240.5,26.17,68.79,1.47
2019-03-20 00:00:00,120.59,5.39,20.09,1.18
2019-03-21 00:00:00,,,,
2019-03-22 00:00:00,,,,
2019-03-23 00:00:00,,,,
2019-03-24 00:00:00,,,,
2019-03-25 00:00:00,204.49,24.42,60.11,1.44
2019-03-26 00:00:00,161.47,15.56,47.35,1.36
2019-03-27 00:00:00,166.2,21.53,50.39,1.43
2019-03-28 00:00:00,179.94,23.16,58.33,1.39
2019-03-29 00:00:00,176.22,23.06,57.31,1.38
2019-03-30 00:00:00,123.2,12.8,39.98,1.31
2019-03-31 00:00:00,,,,
2019-04-01 00:00:00,,,,
2019-04-02 00:00:00,296.62,18.96,54.68,1.42
2019-04-03 00:00:00,210.74,28.31,68.62,1.42
2019-04-04 00:00:00,171.08,23.81,52.05,1.41
2019-04-05 00:00:00,167.25,27.44,57.7,1.38
2019-04-06 00:00:00,175.53,17.1,49.65,1.35
2019-04-07 00:00:00,157.58,18.05,46.9,1.33
2019-04-08 00:00:00,136.4,15.32,42.41,1.33
2019-04-09 00:00:00,191.63,8.46,44.57,1.34
2019-04-10 00:00:00,124.95,14.26,45.12,1.32
2019-04-11 00:00:00,231.08,42.24,83.89,1.5
2019-04-12 00:00:00,168.66,22.44,55.27,1.33
2019-04-13 00:00:00,168.96,20.55,54.0,1.38
2019-04-14 00:00:00,157.26,16.16,45.96,1.34
2019-04-15 00:00:00,156.47,21.26,52.35,1.4
2019-04-16 00:00:00,147.7,12.38,42.68,1.33
2019-04-17 00:00:00,166.89,11.27,31.44,1.31
2019-04-18 00:00:00,177.74,10.51,47.47,1.36
2019-04-19 00:00:00,220.29,23.79,61.69,2.36
2019-04-20 00:00:00,125.81,13.24,39.03,1.73
2019-04-21 00:00:00,127.06,11.82,36.99,1.71
2019-04-22 00:00:00,151.89,14.88,39.68,1.33
2019-04-23 00:00:00,139.56,14.91,46.52,1.35
2019-04-24 00:00:00,139.92,17.25,51.16,1.34
2019-04-25 00:00:00,181.92,24.16,60.17,1.39
2019-04-26 00:00:00,150.18,11.69,44.18,1.3
2019-04-27 00:00:00,221.62,26.42,68.42,1.85
2019-04-28 00:00:00,177.77,21.9,58.3,1.64
2019-04-29 00:00:00,160.32,10.0,36.75,1.52
2019-04-30 00:00:00,148.7,9.11,27.48,1.75
2019-05-01 00:00:00,121.76,8.99,25.13,2.06
2019-05-02 00:00:00,160.84,10.11,24.33,1.36
2019-05-03 00:00:00,194.69,13.47,36.9,1.38
2019-05-04 00:00:00,189.32,10.64,28.51,1.3
2019-05-05 00:00:00,189.89,15.48,39.53,1.33
2019-05-06 00:00:00,184.51,9.46,38.65,1.32
2019-05-07 00:00:00,138.03,9.84,26.61,1.34
2019-05-08 00:00:00,104.58,7.9,20.01,1.46
2019-05-09 00:00:00,165.47,19.5,36.9,1.54
2019-05-10 00:00:00,154.9,9.14,30.85,1.3
2019-05-11 00:00:00,173.85,13.85,34.3,1.34
2019-05-12 00:00:00,167.08,15.74,36.27,1.46
2019-05-13 00:00:00,151.73,11.2,32.97,1.41
2019-05-14 00:00:00,142.66,10.69,30.17,1.48
2019-05-15 00:00:00,143.36,13.59,31.55,2.24
2019-05-16 00:00:00,162.51,14.19,44.52,1.69
2019-05-17 00:00:00,138.3,7.77,27.87,1.6
2019-05-18 00:00:00,,,,
2019-05-19 00:00:00,,,,
2019-05-20 00:00:00,174.02,17.52,59.08,1.46
2019-05-21 00:00:00,102.53,10.57,45.28,1.3
2019-05-22 00:00:00,75.44,7.46,34.04,1.32
2019-05-23 00:00:00,115.84,11.78,46.44,1.36
2019-05-24 00:00:00,55.75,11.76,40.18,1.31
2019-05-25 00:00:00,126.93,10.6,37.15,1.3
2019-05-26 00:00:00,42.21,12.77,37.91,1.29
2019-05-27 00:00:00,95.23,7.96,46.36,1.37
2019-05-28 00:00:00,72.95,11.66,33.23,1.28
2019-05-29 00:00:00,,20.32,70.4,1.42
2019-05-30 00:00:00,,10.88,39.87,1.31
2019-05-31 00:00:00,,10.93,41.62,1.31
2019-06-01 00:00:00,,8.31,33.3,1.3
2019-06-02 00:00:00,,13.68,36.07,1.32
2019-06-03 00:00:00,,7.98,29.62,1.29
2019-06-04 00:00:00,,8.16,28.19,1.28
2019-06-05 00:00:00,,5.34,22.82,1.33
2019-06-06 00:00:00,,9.24,36.14,1.48
2019-06-07 00:00:00,,17.28,45.86,1.33
2019-06-08 00:00:00,,9.61,36.05,1.29
2019-06-09 00:00:00,,13.54,34.68,1.14
2019-06-10 00:00:00,,14.84,33.49,1.14
2019-06-11 00:00:00,,15.0,32.81,1.19
2019-06-12 00:00:00,,15.62,49.27,1.37
2019-06-13 00:00:00,,11.42,43.19,1.32
2019-06-14 00:00:00,93.32,9.11,39.14,1.26
2019-06-15 00:00:00,75.79,9.06,39.7,1.31
2019-06-16 00:00:00,71.0,6.5,32.45,1.24
2019-06-17 00:00:00,92.85,6.79,41.76,1.62
2019-06-18 00:00:00,73.23,7.06,33.01,1.3
2019-06-19 00:00:00,83.14,6.06,36.53,1.52
2019-06-20 00:00:00,69.04,7.88,37.48,1.46
2019-06-21 00:00:00,77.32,8.24,38.44,1.35
2019-06-22 00:00:00,87.14,10.71,47.6,1.47
2019-06-23 00:00:00,74.06,11.83,48.51,1.5
2019-06-24 00:00:00,101.25,10.65,45.49,0.79
2019-06-25 00:00:00,127.54,10.72,50.41,1.51
2019-06-26 00:00:00,86.7,9.07,34.87,1.43
2019-06-27 00:00:00,95.34,6.61,32.82,1.36
2019-06-28 00:00:00,120.99,6.69,30.09,1.35
2019-06-29 00:00:00,161.41,11.23,43.02,1.38
2019-06-30 00:00:00,137.56,2.85,16.7,1.1
2019-07-01 00:00:00,156.5,5.87,30.34,1.36
2019-07-02 00:00:00,127.45,8.64,35.75,1.4
2019-07-03 00:00:00,122.82,8.0,33.42,1.39
2019-07-04 00:00:00,142.27,13.82,48.47,1.62
2019-07-05 00:00:00,129.22,13.62,44.32,1.48
2019-07-06 00:00:00,130.35,18.02,57.44,1.48
2019-07-07 00:00:00,181.86,15.47,53.04,1.35
2019-07-08 00:00:00,133.44,9.12,34.22,1.35
2019-07-09 00:00:00,106.93,8.96,32.69,1.36
2019-07-10 00:00:00,103.46,8.64,35.1,1.31
2019-07-11 00:00:00,104.18,6.16,31.35,1.28
2019-07-12 00:00:00,106.18,7.13,32.18,1.23
2019-07-13 00:00:00,119.65,9.94,38.93,1.44
2019-07-14 00:00:00,100.92,9.91,37.44,1.3
2019-07-15 00:00:00,100.32,6.47,29.14,1.21
2019-07-16 00:00:00,56.89,9.04,30.86,1.18
2019-07-17 00:00:00,,,,
2019-07-18 00:00:00,,,,
2019-07-19 00:00:00,,,,
2019-07-20 00:00:00,141.43,16.32,57.63,1.6
2019-07-21 00:00:00,110.0,17.62,55.9,1.43
2019-07-22 00:00:00,101.3,14.0,51.25,1.49
2019-07-23 00:00:00,82.21,12.6,45.38,1.49
2019-07-24 00:00:00,114.67,10.15,38.61,1.51
2019-07-25 00:00:00,99.84,7.27,33.48,1.39
2019-07-26 00:00:00,101.1,12.27,43.87,1.49
2019-07-27 00:00:00,,,,
2019-07-28 00:00:00,,,,
2019-07-29 00:00:00,147.01,9.37,37.46,1.47
2019-07-30 00:00:00,111.47,8.29,32.56,1.44
2019-07-31 00:00:00,101.32,4.36,23.09,1.04
2019-08-01 00:00:00,123.12,6.32,30.26,1.24
2019-08-02 00:00:00,103.64,9.58,35.17,1.38
2019-08-03 00:00:00,156.41,14.17,52.94,1.76
2019-08-04 00:00:00,137.54,18.21,55.53,1.32
2019-08-05 00:00:00,86.72,8.71,35.53,1.2
2019-08-06 00:00:00,75.7,11.33,32.63,1.37
2019-08-07 00:00:00,56.28,9.36,30.33,1.36
2019-08-08 00:00:00,38.87,2.54,11.69,0.94
2019-08-09 00:00:00,99.52,22.93,67.86,1.77
2019-08-10 00:00:00,90.99,12.43,41.35,1.44
2019-08-11 00:00:00,72.56,8.26,28.17,1.22
2019-08-12 00:00:00,105.27,7.66,29.83,1.51
2019-08-13 00:00:00,79.79,7.64,30.96,1.33
2019-08-14 00:00:00,88.65,10.64,32.53,1.55
2019-08-15 00:00:00,,,,
2019-08-16 00:00:00,79.27,13.66,32.97,1.59
2019-08-17 00:00:00,105.14,7.8,30.79,1.5
2019-08-18 00:00:00,46.48,11.25,35.67,1.34
2019-08-19 00:00:00,102.27,6.21,34.66,1.5
2019-08-20 00:00:00,62.5,8.87,24.69,1.38
2019-08-21 00:00:00,57.77,10.25,26.29,1.39
2019-08-22 00:00:00,91.62,10.6,25.06,1.52
2019-08-23 00:00:00,73.54,11.35,26.84,1.39
2019-08-24 00:00:00,102.98,15.71,34.01,1.63
2019-08-25 00:00:00,97.87,16.41,32.0,1.52
2019-08-26 00:00:00,160.95,14.16,41.16,1.6
2019-08-27 00:00:00,124.94,17.4,41.86,1.64
2019-08-28 00:00:00,103.66,14.47,31.63,1.38
2019-08-29 00:00:00,166.3,17.01,47.78,1.71
2019-08-30 00:00:00,159.28,19.35,50.07,1.73
2019-08-31 00:00:00,132.56,20.27,45.04,1.61
2019-09-01 00:00:00,93.53,18.47,38.45,1.42
2019-09-02 00:00:00,,,,
2019-09-03 00:00:00,91.63,11.91,31.13,1.51
2019-09-04 00:00:00,90.35,19.07,41.91,1.66
2019-09-05 00:00:00,81.83,14.6,33.43,1.5
2019-09-06 00:00:00,82.43,13.03,32.1,1.47
2019-09-07 00:00:00,103.41,17.9,40.65,1.72
2019-09-08 00:00:00,94.75,14.48,32.52,1.39
2019-09-09 00:00:00,97.39,14.09,34.18,1.53
2019-09-10 00:00:00,127.94,,,1.54
2019-09-11 00:00:00,125.54,14.18,36.92,1.5
2019-09-12 00:00:00,106.07,11.72,28.96,1.42
2019-09-13 00:00:00,101.04,11.95,34.01,1.36
2019-09-14 00:00:00,108.59,12.36,44.37,1.47
2019-09-15 00:00:00,76.78,13.48,44.9,1.22
2019-09-16 00:00:00,71.54,13.79,44.35,1.37
2019-09-17 00:00:00,56.71,10.81,36.63,1.39
2019-09-18 00:00:00,96.0,11.33,37.71,1.51
2019-09-19 00:00:00,116.78,13.36,43.38,1.55
2019-09-20 00:00:00,104.58,11.57,38.45,1.59
2019-09-21 00:00:00,134.12,13.88,46.09,1.56
2019-09-22 00:00:00,91.11,18.25,56.55,1.54
2019-09-23 00:00:00,76.27,19.98,69.04,1.48
2019-09-24 00:00:00,57.46,11.88,49.01,1.63
2019-09-25 00:00:00,55.97,19.5,81.72,1.0
2019-09-26 00:00:00,127.54,14.3,60.81,1.93
2019-09-27 00:00:00,137.17,16.29,70.33,1.97
2019-09-28 00:00:00,160.0,15.39,71.34,1.7
2019-09-29 00:00:00,172.56,14.09,65.77,1.69
2019-09-30 00:00:00,,,,
2019-10-01 00:00:00,133.53,4.45,24.57,1.57
2019-10-02 00:00:00,,,,
2019-10-03 00:00:00,140.32,18.02,90.44,1.86
2019-10-04 00:00:00,94.75,12.38,71.94,1.49
2019-10-05 00:00:00,126.52,9.69,63.75,1.82
2019-10-06 00:00:00,106.3,6.17,39.97,1.43
2019-10-07 00:00:00,,,,
2019-10-08 00:00:00,,,,
2019-10-09 00:00:00,,,,
2019-10-10 00:00:00,136.41,22.76,43.6,2.27
2019-10-11 00:00:00,,,,
2019-10-12 00:00:00,,,,
2019-10-13 00:00:00,,,,
2019-10-14 00:00:00,,,,
2019-10-15 00:00:00,,26.13,45.66,1.6
2019-10-16 00:00:00,,,,
2019-10-17 00:00:00,,,,
2019-10-18 00:00:00,,,,
2019-10-19 00:00:00,,,,
2019-10-20 00:00:00,,,,
2019-10-21 00:00:00,,,,
2019-10-22 00:00:00,49.72,3.42,14.66,1.59
2019-10-23 00:00:00,53.68,3.46,13.07,1.54
2019-10-24 00:00:00,101.38,5.29,19.31,1.61
2019-10-25 00:00:00,84.73,7.3,25.67,1.53
2019-10-26 00:00:00,86.75,7.03,27.02,1.66
2019-10-27 00:00:00,98.79,7.43,31.67,1.72
2019-10-28 00:00:00,104.03,9.33,38.16,1.75
2019-10-29 00:00:00,102.29,7.2,29.02,1.73
2019-10-30 00:00:00,48.08,19.68,78.4,1.83
2019-10-31 00:00:00,85.89,14.74,65.1,1.81
2019-11-01 00:00:00,140.15,8.58,53.13,1.7
2019-11-02 00:00:00,126.53,11.79,51.06,1.85
2019-11-03 00:00:00,,,,
2019-11-04 00:00:00,288.8,8.81,45.08,2.59
2019-11-05 00:00:00,235.4,4.05,26.49,1.92
2019-11-06 00:00:00,193.04,22.42,53.86,1.81
2019-11-07 00:00:00,151.08,39.83,87.01,1.99
2019-11-08 00:00:00,114.34,33.01,69.05,1.74
2019-11-09 00:00:00,115.79,32.46,72.0,1.49
2019-11-10 00:00:00,,,,
2019-11-11 00:00:00,148.45,23.87,87.25,1.94
2019-11-12 00:00:00,95.48,13.81,67.59,1.87
2019-11-13 00:00:00,135.28,8.46,43.75,1.88
2019-11-14 00:00:00,96.63,17.14,68.53,1.85
2019-11-15 00:00:00,77.61,18.01,61.15,1.85
2019-11-16 00:00:00,75.14,17.08,64.75,1.87
2019-11-17 00:00:00,68.16,18.59,78.5,1.56
2019-11-18 00:00:00,65.85,19.11,74.93,1.83
2019-11-19 00:00:00,51.11,15.21,61.89,1.63
2019-11-20 00:00:00,45.48,13.73,56.25,1.7
2019-11-21 00:00:00,76.1,19.87,81.11,2.03
2019-11-22 00:00:00,81.81,19.84,84.63,1.85
2019-11-23 00:00:00,62.46,20.14,87.82,1.6
2019-11-24 00:00:00,,,,
2019-11-25 00:00:00,84.82,19.93,91.65,2.03
2019-11-26 00:00:00,67.65,15.6,76.07,1.76
2019-11-27 00:00:00,58.31,21.49,87.98,1.82
2019-11-28 00:00:00,57.63,20.98,65.85,1.77
2019-11-29 00:00:00,73.72,22.18,40.5,1.79
2019-11-30 00:00:00,66.14,21.28,35.87,1.92
2019-12-01 00:00:00,41.09,,,1.78
2019-12-02 00:00:00,50.55,17.31,28.51,1.75
2019-12-03 00:00:00,73.29,37.36,65.16,1.64
2019-12-04 00:00:00,80.91,14.9,34.32,1.72
2019-12-05 00:00:00,,,,
2019-12-06 00:00:00,137.99,10.64,38.92,1.86
2019-12-07 00:00:00,90.41,10.38,40.1,1.79
2019-12-08 00:00:00,82.89,8.58,34.31,1.77
2019-12-09 00:00:00,95.04,8.09,32.95,1.88
2019-12-10 00:00:00,94.96,7.88,33.88,1.75
2019-12-11 00:00:00,111.44,4.66,25.67,0.53
2019-12-12 00:00:00,132.21,6.8,31.43,2.04
2019-12-13 00:00:00,103.69,6.44,26.42,1.91
2019-12-14 00:00:00,84.3,8.05,29.1,1.8
2019-12-15 00:00:00,,,,
2019-12-16 00:00:00,,,,
2019-12-17 00:00:00,104.74,12.71,49.53,1.92
2019-12-18 00:00:00,100.5,11.79,45.52,1.8
2019-12-19 00:00:00,102.17,14.23,49.73,1.79
2019-12-20 00:00:00,111.33,16.54,55.85,1.87
2019-12-21 00:00:00,103.48,11.42,46.21,1.79
2019-12-22 00:00:00,108.87,11.79,47.15,1.77
2019-12-23 00:00:00,118.41,13.07,51.63,1.78
2019-12-24 00:00:00,104.57,14.39,52.01,1.84
2019-12-25 00:00:00,99.52,13.66,49.91,1.75
2019-12-26 00:00:00,103.91,10.91,46.72,1.74
2019-12-27 00:00:00,106.63,12.5,50.16,1.75
2019-12-28 00:00:00,93.53,12.17,47.98,1.8
2019-12-29 00:00:00,98.73,11.48,48.0,1.77
2019-12-30 00:00:00,98.29,11.7,48.39,1.87
2019-12-31 00:00:00,104.36,8.91,41.19,1.87
