Timestamp,PM2.5 (µg/m³),PM10 (µg/m³),NO (µg/m³),NO2 (µg/m³),CO (mg/m³)
2016-01-01,57.06,,5.0,32.34,
2016-01-02,55.19,,6.74,53.12,
2016-01-03,62.28,,9.25,56.36,9.77
2016-01-04,66.29,,5.62,51.36,16.77
2016-01-05,73.86,,10.75,66.58,
2016-01-06,65.18,,6.53,56.79,
2016-01-07,64.23,,19.71,69.08,14.02
2016-01-08,83.62,,9.62,69.78,
2016-01-09,64.88,,10.02,58.84,
2016-01-10,61.07,,3.5,32.15,
2016-01-11,58.95,,3.56,32.76,33.64
2016-01-12,81.19,,4.27,38.76,
2016-01-13,85.82,,3.74,39.15,30.06
2016-01-14,99.83,,18.16,54.35,34.2
2016-01-15,,,,,
2016-01-16,122.55,,5.92,44.42,
2016-01-17,82.56,,2.64,26.46,
2016-01-18,87.4,,4.46,35.11,
2016-01-19,100.46,,6.89,33.39,
2016-01-20,84.03,,15.03,27.64,
2016-01-21,68.37,,28.68,31.12,21.86
2016-01-22,81.29,,6.49,26.51,40.77
2016-01-23,79.65,,3.1,15.74,23.54
2016-01-24,50.87,,2.33,14.58,
2016-01-25,60.77,,4.02,19.51,20.52
2016-01-26,60.04,,3.28,19.53,42.6
2016-01-27,60.13,,5.58,23.63,
2016-01-28,100.76,,37.74,36.01,32.33
2016-01-29,94.2,,4.94,27.49,
2016-01-30,87.49,,6.09,38.66,
2016-01-31,133.31,,10.46,43.22,
2016-02-01,93.97,,6.17,58.82,
2016-02-02,74.56,,10.64,59.14,10.27
2016-02-03,81.48,,4.38,55.7,39.05
2016-02-04,74.62,,4.75,53.05,15.06
2016-02-05,81.32,,3.84,50.84,18.27
2016-02-06,78.1,,2.97,42.61,
2016-02-07,112.16,,4.36,44.42,28.0
2016-02-08,97.69,,2.48,33.87,
2016-02-09,104.2,,3.1,41.29,5.62
2016-02-10,103.96,,3.17,46.46,47.35
2016-02-11,95.17,,3.08,43.71,
2016-02-12,104.98,,2.73,42.53,
2016-02-13,100.11,,2.5,40.07,
2016-02-14,73.89,,1.74,29.39,26.21
2016-02-15,70.11,,5.07,41.59,31.11
2016-02-16,51.11,,3.02,21.78,19.5
2016-02-17,65.97,,3.22,24.07,30.3
2016-02-18,,,,,
2016-02-19,74.38,,2.39,25.98,
2016-02-20,68.8,,3.26,25.99,
2016-02-21,80.4,,4.06,23.68,40.03
2016-02-22,125.89,,3.8,24.11,19.61
2016-02-23,225.61,,3.27,27.44,34.99
2016-02-24,174.96,,2.88,22.32,25.86
2016-02-25,104.64,,2.66,16.35,26.85
2016-02-26,81.92,,4.46,16.52,33.76
2016-02-27,60.09,,5.41,75.35,36.64
2016-02-28,57.04,,4.6,84.87,29.49
2016-02-29,65.67,,4.03,14.58,26.8
2016-03-01,62.91,,4.04,15.13,42.54
2016-03-02,70.01,,4.31,15.97,
2016-03-03,89.44,,4.3,14.44,17.73
2016-03-04,92.96,,8.47,21.81,27.56
2016-03-05,81.48,,4.99,17.39,15.66
2016-03-06,74.04,,3.36,10.84,15.59
2016-03-07,74.61,,3.93,10.83,
2016-03-08,78.02,,4.33,13.57,
2016-03-09,88.45,,5.2,26.93,12.19
2016-03-10,87.67,,6.9,40.09,
2016-03-11,79.64,,9.03,35.83,
2016-03-12,74.36,,5.3,21.13,
2016-03-13,95.28,,3.03,14.55,34.97
2016-03-14,103.0,,3.5,13.56,
2016-03-15,81.64,,3.93,10.76,18.4
2016-03-16,88.01,,7.46,15.48,17.08
2016-03-17,83.21,,7.12,16.68,27.19
2016-03-18,82.15,,4.51,13.29,
2016-03-19,133.82,,5.12,18.58,
2016-03-20,215.99,,3.96,25.2,
2016-03-21,166.08,,4.72,25.84,23.51
2016-03-22,113.4,,4.19,20.31,30.67
2016-03-23,,,3.94,16.11,
2016-03-24,,,3.59,19.52,
2016-03-25,,,3.6,37.99,
2016-03-26,90.45,,3.99,31.84,21.28
2016-03-27,70.44,,4.51,40.76,30.11
2016-03-28,69.56,,4.56,48.32,34.53
2016-03-29,63.12,,3.02,25.81,35.85
2016-03-30,53.65,,2.85,22.12,29.9
2016-03-31,65.94,,2.72,22.61,
2016-04-01,58.4,,2.77,21.68,31.12
2016-04-02,63.46,,4.41,23.9,18.2
2016-04-03,58.8,,4.08,6.0,5.91
2016-04-04,57.73,,5.44,28.49,33.89
2016-04-05,59.38,,3.22,51.87,28.06
2016-04-06,56.08,,4.4,81.46,
2016-04-07,41.48,,2.55,15.27,25.65
2016-04-08,31.24,,1.9,8.77,45.11
2016-04-09,33.95,,2.16,7.81,
2016-04-10,33.31,,1.59,5.69,
2016-04-11,30.18,,2.52,8.93,2.07
2016-04-12,37.31,,2.04,5.17,14.64
2016-04-13,,,4.58,4.41,
2016-04-14,,,3.04,3.95,3.37
2016-04-15,,,3.1,3.44,8.66
2016-04-16,51.6,,2.47,4.0,
2016-04-17,34.64,,1.99,4.92,14.04
2016-04-18,31.1,,2.54,9.66,20.64
2016-04-19,29.06,,2.42,8.77,2.61
2016-04-20,35.79,,2.6,10.47,40.1
2016-04-21,33.8,,2.12,7.41,
2016-04-22,32.48,,3.28,10.94,2.52
2016-04-23,31.98,,8.34,30.87,
2016-04-24,25.94,,4.87,23.61,
2016-04-25,31.51,,4.71,24.52,13.94
2016-04-26,26.13,,6.41,29.62,9.13
2016-04-27,26.42,,4.21,28.46,12.71
2016-04-28,33.03,,3.86,27.44,
2016-04-29,35.05,,3.79,26.49,9.13
2016-04-30,30.76,,3.15,21.3,33.75
2016-05-01,26.08,,2.79,20.92,30.08
2016-05-02,32.51,,4.75,26.11,22.85
2016-05-03,31.02,,5.48,25.4,
2016-05-04,35.5,,3.82,21.41,
2016-05-05,34.71,,4.62,19.39,37.02
2016-05-06,25.5,,3.93,17.76,17.06
2016-05-07,24.5,,4.11,18.26,33.42
2016-05-08,20.47,,3.46,11.47,4.83
2016-05-09,18.07,,3.42,11.68,16.8
2016-05-10,27.07,,3.22,11.1,4.81
2016-05-11,42.11,,3.53,13.69,34.88
2016-05-12,33.23,,7.1,17.02,11.45
2016-05-13,46.67,,2.52,9.78,23.68
2016-05-14,41.91,,,,
2016-05-15,37.69,,,,18.96
2016-05-16,39.14,,10.15,22.35,37.94
2016-05-17,37.46,,3.75,17.34,
2016-05-18,35.22,,4.02,5.12,
2016-05-19,35.06,,1.62,4.12,5.82
2016-05-20,1.48,,1.13,7.1,12.51
2016-05-21,,,1.09,6.42,41.2
2016-05-22,,,1.23,7.2,11.27
2016-05-23,,,1.08,6.89,23.08
2016-05-24,,,1.45,7.37,29.85
2016-05-25,,,2.3,9.62,14.44
2016-05-26,,,1.96,9.61,35.0
2016-05-27,,,1.97,8.78,26.51
2016-05-28,,,2.07,10.38,38.01
2016-05-29,,,1.79,9.12,
2016-05-30,43.48,,4.52,24.32,21.13
2016-05-31,26.82,,8.15,45.27,27.74
2016-06-01,17.59,,6.39,55.57,5.1
2016-06-02,17.07,,6.56,37.21,10.37
2016-06-03,,,,,
2016-06-04,,,,,
2016-06-05,,,,,
2016-06-06,,,,,
2016-06-07,,,,,
2016-06-08,,,,,
2016-06-09,,,,,
2016-06-10,,,,,
2016-06-11,,,,,
2016-06-12,,,,,
2016-06-13,,,,,
2016-06-14,,,,,
2016-06-15,,,,,
2016-06-16,,,,,
2016-06-17,52.21,,4.07,23.7,1.0
2016-06-18,33.45,,6.65,19.35,0.73
2016-06-19,26.74,,3.61,7.51,0.51
2016-06-20,29.47,,2.77,7.35,0.5
2016-06-21,28.27,,3.34,8.8,0.41
2016-06-22,35.97,,2.98,7.71,0.35
2016-06-23,32.58,,3.09,7.33,0.27
2016-06-24,19.71,,2.71,6.53,0.32
2016-06-25,,,,,
2016-06-26,,,,,
2016-06-27,20.19,,10.24,18.33,0.28
2016-06-28,40.5,,3.0,20.89,0.36
2016-06-29,292.29,,4.8,20.91,0.27
2016-06-30,15.44,,3.14,12.52,0.33
2016-07-01,34.84,,2.29,17.19,0.3
2016-07-02,31.66,,1.62,10.06,0.29
2016-07-03,20.54,,0.57,3.32,0.44
2016-07-04,19.88,,1.42,5.23,0.38
2016-07-05,20.78,,2.15,5.92,0.36
2016-07-06,16.67,,1.96,5.32,0.37
2016-07-07,15.19,,3.64,11.86,0.44
2016-07-08,,,3.04,8.44,0.32
2016-07-09,,,4.07,9.4,0.31
2016-07-10,9.86,,3.28,7.48,0.34
2016-07-11,,,2.8,6.47,0.26
2016-07-12,,,3.57,6.91,6.4
2016-07-13,,,3.79,5.29,
2016-07-14,,,3.15,5.16,10.44
2016-07-15,,,2.83,3.83,28.68
2016-07-16,,,,,
2016-07-17,,,2.45,3.12,
2016-07-18,186.33,,2.47,3.46,15.86
2016-07-19,43.41,,2.91,4.99,24.48
2016-07-20,23.05,,7.6,7.06,
2016-07-21,27.43,,6.68,3.96,
2016-07-22,21.12,,7.46,4.7,
2016-07-23,,,,,
2016-07-24,12.55,,6.14,5.27,14.48
2016-07-25,9.83,,5.44,5.64,11.7
2016-07-26,22.85,,6.39,3.12,
2016-07-27,22.67,,6.29,3.09,
2016-07-28,17.52,,6.62,2.75,
2016-07-29,22.0,,6.48,2.14,
2016-07-30,9.83,,5.49,1.75,
2016-07-31,19.6,,22.77,22.58,
2016-08-01,17.16,,52.04,54.92,
2016-08-02,19.97,,6.72,4.02,20.6
2016-08-03,19.88,,11.8,11.73,45.0
2016-08-04,13.9,,6.56,5.04,
2016-08-05,,,,,
2016-08-06,,,,,
2016-08-07,,,,,0.0
2016-08-08,,,,,0.0
2016-08-09,,,,,0.0
2016-08-10,,,,,0.0
2016-08-11,31.57,,3.34,3.86,0.0
2016-08-12,24.28,,3.47,4.05,
2016-08-13,21.58,,3.99,4.47,
2016-08-14,20.67,,3.84,4.1,
2016-08-15,13.67,,3.59,3.84,9.3
2016-08-16,105.77,,4.13,4.15,
2016-08-17,32.53,,3.96,4.18,
2016-08-18,39.31,,3.36,3.58,18.8
2016-08-19,33.86,,2.46,2.1,
2016-08-20,47.28,,2.29,2.14,
2016-08-21,32.12,,3.11,3.2,
2016-08-22,36.31,,3.05,3.18,
2016-08-23,37.05,,3.68,3.56,
2016-08-24,34.32,,2.8,3.1,
2016-08-25,29.84,,2.02,1.6,
2016-08-26,,,3.83,3.33,
2016-08-27,20.79,,2.6,3.02,
2016-08-28,6.19,,2.87,2.42,
2016-08-29,30.81,,3.66,3.2,
2016-08-30,27.2,,3.51,3.98,
2016-08-31,37.4,,1.84,1.55,
2016-09-01,34.45,,3.14,2.62,
2016-09-02,23.85,,3.39,3.89,
2016-09-03,31.92,,3.75,3.62,
2016-09-04,37.26,,2.38,1.59,
2016-09-05,22.57,,2.52,2.05,
2016-09-06,36.4,,2.99,3.26,0.3
2016-09-07,29.85,,2.72,2.65,
2016-09-08,26.86,,3.04,2.72,0.1
2016-09-09,,,,,
2016-09-10,43.33,,2.6,4.67,
2016-09-11,24.11,,,,
2016-09-12,,,,,
2016-09-13,23.04,,2.2,4.08,
2016-09-14,12.36,,2.12,3.94,
2016-09-15,12.7,,12.34,46.17,24.0
2016-09-16,30.09,,11.21,6.56,27.36
2016-09-17,28.87,,4.43,3.52,
2016-09-18,,,,,
2016-09-19,23.5,,6.31,33.13,
2016-09-20,32.98,,5.06,25.0,
2016-09-21,31.78,,3.96,23.36,
2016-09-22,247.66,,3.05,29.94,
2016-09-23,69.29,,8.75,18.98,
2016-09-24,59.02,,5.62,24.31,
2016-09-25,,,,,
2016-09-26,69.36,,4.79,20.02,
2016-09-27,,,,,
2016-09-28,97.22,,4.73,14.22,
2016-09-29,74.07,,6.34,21.48,
2016-09-30,78.0,,3.34,15.3,
2016-10-01,63.33,,3.41,15.95,
2016-10-02,,,,,
2016-10-03,,,,,
2016-10-04,71.02,,3.33,22.96,
2016-10-05,70.35,,3.63,23.01,12.28
2016-10-06,54.7,,3.05,19.55,
2016-10-07,41.7,,3.4,18.88,
2016-10-08,32.23,,3.18,19.1,
2016-10-09,20.5,,3.2,19.03,
2016-10-10,20.5,,3.43,18.13,
2016-10-11,20.5,,3.45,17.98,
2016-10-12,25.62,,3.49,17.95,30.2
2016-10-13,19.28,,3.77,18.28,
2016-10-14,10.01,,3.44,18.83,
2016-10-15,10.85,,3.21,20.5,
2016-10-16,,,,,
2016-10-17,91.61,,3.54,22.86,0.0
2016-10-18,68.83,,3.59,20.24,
2016-10-19,,,,,
2016-10-20,76.07,,3.43,18.51,
2016-10-21,83.24,,3.75,20.29,
2016-10-22,108.85,,3.92,22.94,
2016-10-23,74.99,,3.38,20.84,
2016-10-24,80.4,,3.83,19.66,39.5
2016-10-25,115.62,,6.08,30.65,15.3
2016-10-26,93.95,,6.01,45.96,
2016-10-27,78.52,,3.39,42.49,
2016-10-28,76.68,,1.98,37.6,
2016-10-29,93.52,,2.36,39.3,0.1
2016-10-30,79.08,,2.78,32.82,18.87
2016-10-31,48.76,,4.06,24.12,8.45
2016-11-01,26.97,,2.87,20.82,
2016-11-02,43.3,,2.88,24.69,
2016-11-03,54.47,,6.56,32.85,17.12
2016-11-04,74.01,,6.44,36.95,
2016-11-05,65.53,,4.86,24.85,
2016-11-06,48.3,,3.0,19.6,
2016-11-07,54.9,,3.02,25.6,
2016-11-08,61.41,,4.38,28.14,
2016-11-09,51.02,,2.67,24.95,
2016-11-10,52.07,,2.61,27.19,
2016-11-11,71.25,,4.63,36.49,0.5
2016-11-12,60.94,,5.75,30.79,41.1
2016-11-13,44.6,,4.05,26.34,40.5
2016-11-14,81.17,,8.35,20.84,
2016-11-15,35.91,,6.95,10.62,
2016-11-16,37.12,,4.64,10.88,8.44
2016-11-17,56.49,,3.03,19.5,0.41
2016-11-18,50.81,,1.87,20.72,
2016-11-19,52.86,,0.73,11.73,
2016-11-20,,,,,
2016-11-21,58.5,,6.72,43.06,0.0
2016-11-22,54.86,,5.82,32.61,13.85
2016-11-23,53.82,,5.38,42.7,3.41
2016-11-24,65.39,,6.93,34.38,0.06
2016-11-25,48.14,,8.39,29.51,
2016-11-26,47.66,,3.39,20.23,
2016-11-27,43.23,,5.37,25.27,
2016-11-28,49.09,,8.02,43.09,9.24
2016-11-29,57.0,,5.24,35.5,2.2
2016-11-30,47.96,,4.34,26.44,14.6
2016-12-01,48.19,,4.18,21.0,
2016-12-02,40.5,,7.31,15.55,
2016-12-03,25.02,,31.08,32.29,0.0
2016-12-04,29.16,,2.38,10.68,5.58
2016-12-05,28.07,,3.03,14.56,4.59
2016-12-06,38.23,,2.13,10.95,2.67
2016-12-07,48.59,,3.96,17.63,
2016-12-08,39.22,,4.77,18.7,
2016-12-09,44.14,,4.51,23.03,5.74
2016-12-10,48.46,,3.52,13.42,
2016-12-11,48.89,,2.42,21.79,3.51
2016-12-12,89.96,,2.21,20.8,0.67
2016-12-13,144.01,,2.33,24.69,0.0
2016-12-14,41.78,,3.8,14.16,
2016-12-15,31.16,,3.74,16.35,5.14
2016-12-16,44.38,,4.74,20.85,4.87
2016-12-17,47.8,,3.11,14.16,
2016-12-18,48.9,,2.65,18.58,
2016-12-19,70.36,,3.01,25.15,30.7
2016-12-20,47.34,,5.66,27.6,
2016-12-21,57.69,,10.08,31.4,
2016-12-22,52.55,,2.52,24.09,
2016-12-23,59.83,,2.49,26.48,
2016-12-24,62.02,,3.55,34.52,
2016-12-25,60.23,,1.26,25.59,
2016-12-26,55.08,,3.43,26.25,
2016-12-27,50.05,,2.5,23.25,
2016-12-28,45.11,,2.4,16.51,
2016-12-29,45.44,,5.02,19.78,
2016-12-30,54.43,,5.06,19.76,
2016-12-31,49.38,,3.25,11.82,
2017-01-01 00:00:00,,,,,
2017-01-02 00:00:00,40.44,,4.2,26.42,
2017-01-03 00:00:00,27.67,,3.67,13.9,
2017-01-04 00:00:00,45.96,,5.08,21.45,
2017-01-05 00:00:00,43.34,,3.73,15.48,
2017-01-06 00:00:00,51.66,,4.78,24.01,
2017-01-07 00:00:00,59.94,,3.83,29.55,
2017-01-08 00:00:00,40.9,,1.07,15.2,
2017-01-09 00:00:00,47.08,,5.56,31.34,
2017-01-10 00:00:00,48.83,,2.68,24.97,
2017-01-11 00:00:00,53.45,,4.68,35.02,
2017-01-12 00:00:00,52.91,,5.89,24.88,
2017-01-13 00:00:00,56.45,,3.77,24.27,
2017-01-14 00:00:00,39.99,,2.67,13.44,
2017-01-15 00:00:00,33.59,,1.3,10.2,
2017-01-16 00:00:00,39.87,,3.43,20.37,
2017-01-17 00:00:00,36.97,,2.11,12.72,
2017-01-18 00:00:00,38.83,,5.12,25.6,
2017-01-19 00:00:00,32.52,,5.34,21.85,
2017-01-20 00:00:00,39.59,,5.28,22.77,
2017-01-21 00:00:00,39.79,,0.18,14.99,
2017-01-22 00:00:00,,,,,
2017-01-23 00:00:00,49.36,,10.9,30.37,
2017-01-24 00:00:00,50.22,,7.48,26.1,
2017-01-25 00:00:00,43.25,,6.96,23.29,
2017-01-26 00:00:00,35.3,,1.78,12.82,
2017-01-27 00:00:00,34.0,,6.99,22.13,
2017-01-28 00:00:00,,,,,
2017-01-29 00:00:00,,,,,
2017-01-30 00:00:00,55.76,,14.29,37.15,
2017-01-31 00:00:00,34.6,,1.41,18.06,
2017-02-01 00:00:00,59.32,,10.58,50.7,
2017-02-02 00:00:00,60.3,,9.51,40.96,
2017-02-03 00:00:00,42.9,,2.71,31.74,
2017-02-04 00:00:00,42.9,,1.71,26.44,
2017-02-05 00:00:00,37.97,,1.2,27.71,
2017-02-06 00:00:00,43.46,,1.86,33.82,
2017-02-07 00:00:00,60.83,,8.47,40.02,
2017-02-08 00:00:00,45.02,,4.45,29.96,
2017-02-09 00:00:00,47.84,,2.08,21.48,
2017-02-10 00:00:00,45.99,,3.73,21.01,
2017-02-11 00:00:00,39.92,,3.83,22.12,
2017-02-12 00:00:00,29.39,,2.77,10.7,
2017-02-13 00:00:00,31.19,,3.74,13.15,
2017-02-14 00:00:00,34.79,,3.79,13.74,
2017-02-15 00:00:00,40.38,,6.58,20.21,
2017-02-16 00:00:00,35.66,,6.24,21.7,
2017-02-17 00:00:00,47.78,,2.98,16.47,
2017-02-18 00:00:00,47.59,,3.89,20.59,
2017-02-19 00:00:00,41.73,,1.53,19.73,
2017-02-20 00:00:00,55.17,,7.6,33.37,
2017-02-21 00:00:00,52.3,,6.72,35.99,
2017-02-22 00:00:00,46.13,,2.87,29.68,
2017-02-23 00:00:00,54.52,,3.18,25.16,
2017-02-24 00:00:00,45.94,,4.87,21.97,
2017-02-25 00:00:00,42.63,,4.19,17.94,
2017-02-26 00:00:00,37.7,,2.84,8.41,
2017-02-27 00:00:00,44.61,,4.22,18.33,
2017-02-28 00:00:00,35.56,,3.1,23.63,
2017-03-01 00:00:00,46.19,,283.35,204.81,
2017-03-02 00:00:00,44.59,,17.41,49.71,
2017-03-03 00:00:00,38.35,,6.09,33.09,
2017-03-04 00:00:00,41.98,,11.73,36.6,
2017-03-05 00:00:00,30.41,,3.12,16.4,
2017-03-06 00:00:00,37.05,,6.34,23.28,
2017-03-07 00:00:00,37.45,,8.84,30.86,
2017-03-08 00:00:00,33.46,,7.25,32.19,
2017-03-09 00:00:00,46.3,,7.11,32.39,
2017-03-10 00:00:00,39.73,,6.47,18.25,
2017-03-11 00:00:00,37.43,,8.13,25.65,
2017-03-12 00:00:00,32.24,,9.64,29.94,
2017-03-13 00:00:00,66.36,,6.58,21.89,
2017-03-14 00:00:00,32.04,,7.13,21.12,
2017-03-15 00:00:00,27.27,,8.72,23.44,
2017-03-16 00:00:00,38.08,,6.33,23.84,
2017-03-17 00:00:00,54.65,,8.5,38.94,
2017-03-18 00:00:00,44.51,,8.09,25.73,
2017-03-19 00:00:00,42.72,,7.18,21.63,
2017-03-20 00:00:00,54.43,,8.34,27.07,
2017-03-21 00:00:00,48.93,,8.8,27.7,
2017-03-22 00:00:00,58.5,,8.12,30.3,
2017-03-23 00:00:00,75.7,,8.72,34.61,
2017-03-24 00:00:00,88.54,,9.18,38.39,
2017-03-25 00:00:00,54.63,,8.51,33.31,
2017-03-26 00:00:00,54.98,,7.81,25.07,
2017-03-27 00:00:00,53.88,,8.71,39.7,
2017-03-28 00:00:00,101.95,,4.79,51.57,
2017-03-29 00:00:00,55.08,,1.9,23.53,
2017-03-30 00:00:00,65.3,,3.14,38.43,
2017-03-31 00:00:00,80.45,,5.07,54.65,
2017-04-01 00:00:00,68.24,,3.09,42.98,
2017-04-02 00:00:00,52.21,,2.01,15.35,
2017-04-03 00:00:00,74.43,,26.53,85.66,
2017-04-04 00:00:00,44.61,,4.91,27.73,
2017-04-05 00:00:00,43.52,,8.23,26.41,
2017-04-06 00:00:00,38.07,,6.75,14.37,
2017-04-07 00:00:00,36.42,,7.07,14.96,
2017-04-08 00:00:00,42.79,,6.1,19.49,
2017-04-09 00:00:00,36.1,,6.32,9.03,
2017-04-10 00:00:00,53.07,,7.09,15.91,
2017-04-11 00:00:00,39.95,,5.53,5.91,
2017-04-12 00:00:00,,,,,
2017-04-13 00:00:00,66.9,,4.05,26.54,
2017-04-14 00:00:00,61.65,,5.38,29.94,
2017-04-15 00:00:00,64.78,,2.44,22.86,
2017-04-16 00:00:00,,,,,
2017-04-17 00:00:00,58.46,,2.07,28.71,
2017-04-18 00:00:00,45.09,,3.88,22.08,
2017-04-19 00:00:00,48.95,,8.12,21.59,
2017-04-20 00:00:00,38.43,,6.56,8.58,
2017-04-21 00:00:00,30.76,,3.86,19.03,
2017-04-22 00:00:00,30.84,,5.34,19.65,
2017-04-23 00:00:00,33.64,,2.6,13.9,
2017-04-24 00:00:00,43.83,,3.72,27.69,
2017-04-25 00:00:00,38.41,,2.85,13.82,
2017-04-26 00:00:00,62.32,,4.44,43.37,
2017-04-27 00:00:00,48.2,,3.44,20.97,
2017-04-28 00:00:00,180.25,,3.45,28.31,
2017-04-29 00:00:00,21.17,,3.41,24.75,
2017-04-30 00:00:00,,,,,
2017-05-01 00:00:00,36.73,,4.3,13.08,
2017-05-02 00:00:00,32.91,,7.73,23.48,
2017-05-03 00:00:00,65.3,,12.7,40.91,
2017-05-04 00:00:00,50.52,,10.72,26.95,
2017-05-05 00:00:00,53.12,,8.9,20.47,
2017-05-06 00:00:00,90.17,,10.13,34.69,
2017-05-07 00:00:00,33.84,,7.17,9.41,
2017-05-08 00:00:00,48.01,,11.69,27.84,
2017-05-09 00:00:00,74.44,,7.21,32.24,
2017-05-10 00:00:00,39.23,,0.57,21.47,
2017-05-11 00:00:00,52.82,,1.66,68.94,
2017-05-12 00:00:00,59.83,,1.07,8.61,
2017-05-13 00:00:00,59.35,,1.29,15.54,
2017-05-14 00:00:00,54.87,,2.45,28.48,
2017-05-15 00:00:00,31.87,,2.1,25.72,
2017-05-16 00:00:00,30.23,,1.12,23.12,
2017-05-17 00:00:00,50.1,,0.63,23.0,
2017-05-18 00:00:00,47.41,,0.57,22.18,
2017-05-19 00:00:00,40.84,,1.27,23.63,
2017-05-20 00:00:00,47.08,,1.17,21.52,
2017-05-21 00:00:00,29.63,,1.02,20.93,
2017-05-22 00:00:00,30.72,,1.31,22.56,
2017-05-23 00:00:00,47.58,,1.56,24.15,
2017-05-24 00:00:00,28.62,,0.94,21.55,
2017-05-25 00:00:00,37.71,,1.05,22.46,
2017-05-26 00:00:00,32.17,,0.83,21.21,
2017-05-27 00:00:00,23.94,,0.99,22.56,
2017-05-28 00:00:00,25.71,,0.77,21.21,
2017-05-29 00:00:00,29.82,,2.09,24.72,
2017-05-30 00:00:00,34.32,,0.75,21.81,
2017-05-31 00:00:00,29.67,,0.85,21.97,
2017-06-01 00:00:00,27.53,,0.96,22.86,
2017-06-02 00:00:00,26.31,,0.77,21.87,
2017-06-03 00:00:00,28.82,,1.32,21.71,
2017-06-04 00:00:00,,,,,
2017-06-05 00:00:00,35.61,,0.96,22.92,
2017-06-06 00:00:00,30.39,,0.86,22.3,
2017-06-07 00:00:00,30.39,,0.73,22.39,
2017-06-08 00:00:00,24.99,,0.72,21.46,
2017-06-09 00:00:00,31.37,,1.41,23.74,
2017-06-10 00:00:00,27.09,,0.88,22.49,
2017-06-11 00:00:00,19.91,,0.95,22.55,
2017-06-12 00:00:00,23.24,,1.08,22.72,
2017-06-13 00:00:00,29.17,,0.92,22.55,
2017-06-14 00:00:00,25.34,,0.66,22.03,
2017-06-15 00:00:00,34.36,,0.74,22.25,
2017-06-16 00:00:00,35.25,,1.05,23.74,
2017-06-17 00:00:00,34.07,,1.33,24.09,
2017-06-18 00:00:00,28.42,,0.73,22.2,
2017-06-19 00:00:00,27.89,,0.82,22.42,
2017-06-20 00:00:00,30.88,,0.71,22.41,
2017-06-21 00:00:00,26.99,,0.78,22.86,
2017-06-22 00:00:00,32.82,,0.97,23.94,
2017-06-23 00:00:00,36.8,,0.83,23.26,
2017-06-24 00:00:00,27.96,,7.17,38.65,
2017-06-25 00:00:00,24.84,,3.26,25.32,
2017-06-26 00:00:00,31.38,,3.29,25.85,
2017-06-27 00:00:00,37.29,,3.3,26.15,
2017-06-28 00:00:00,37.29,,3.38,27.13,
2017-06-29 00:00:00,36.93,,3.34,27.28,
2017-06-30 00:00:00,35.23,,3.4,26.61,
2017-07-01 00:00:00,25.36,,3.22,24.79,
2017-07-02 00:00:00,30.2,,392.52,,
2017-07-03 00:00:00,25.37,,146.3,419.69,
2017-07-04 00:00:00,,,,,
2017-07-05 00:00:00,,,,,
2017-07-06 00:00:00,,,,,
2017-07-07 00:00:00,,,,,
2017-07-08 00:00:00,293.95,,2.92,24.51,0.0
2017-07-09 00:00:00,31.86,,3.38,27.05,
2017-07-10 00:00:00,33.54,,3.54,27.73,
2017-07-11 00:00:00,29.13,,3.81,26.55,
2017-07-12 00:00:00,28.21,,3.49,26.05,
2017-07-13 00:00:00,30.93,,3.49,26.08,
2017-07-14 00:00:00,35.3,,3.32,25.4,
2017-07-15 00:00:00,33.7,,3.43,25.91,
2017-07-16 00:00:00,26.19,,3.29,25.2,
2017-07-17 00:00:00,34.96,,3.39,25.89,
2017-07-18 00:00:00,30.27,,3.39,25.85,
2017-07-19 00:00:00,25.53,,3.46,26.44,
2017-07-20 00:00:00,27.3,,3.28,25.51,
2017-07-21 00:00:00,36.0,,3.21,25.37,
2017-07-22 00:00:00,29.32,,4.12,27.44,
2017-07-23 00:00:00,27.62,,4.13,27.02,
2017-07-24 00:00:00,39.96,,4.59,28.63,
2017-07-25 00:00:00,42.11,,3.33,27.19,
2017-07-26 00:00:00,37.43,,3.25,25.79,
2017-07-27 00:00:00,39.48,,3.49,26.73,
2017-07-28 00:00:00,32.43,,3.23,25.42,
2017-07-29 00:00:00,35.4,,3.29,26.05,
2017-07-30 00:00:00,25.91,,3.3,25.6,
2017-07-31 00:00:00,33.21,,2.7,24.75,
2017-08-01 00:00:00,38.91,,1.75,22.51,
2017-08-02 00:00:00,31.79,,2.62,23.85,
2017-08-03 00:00:00,30.85,,1.94,22.28,
2017-08-04 00:00:00,23.37,,1.62,21.33,
2017-08-05 00:00:00,28.05,,1.71,22.17,
2017-08-06 00:00:00,23.65,,1.71,21.84,
2017-08-07 00:00:00,33.29,,1.75,22.38,
2017-08-08 00:00:00,35.24,,1.8,22.49,
2017-08-09 00:00:00,37.44,,1.76,22.66,
2017-08-10 00:00:00,23.74,,1.79,22.54,
2017-08-11 00:00:00,25.68,,1.74,21.58,
2017-08-12 00:00:00,,,,,
2017-08-13 00:00:00,,,,,
2017-08-14 00:00:00,118.4,,3.18,23.24,
2017-08-15 00:00:00,23.74,,1.67,20.62,
2017-08-16 00:00:00,16.73,,1.86,22.27,
2017-08-17 00:00:00,25.58,,1.82,22.51,
2017-08-18 00:00:00,27.04,,1.78,22.91,
2017-08-19 00:00:00,28.58,,1.76,22.19,
2017-08-20 00:00:00,23.84,,1.72,21.48,
2017-08-21 00:00:00,27.05,,1.78,22.14,
2017-08-22 00:00:00,30.34,,1.71,21.49,
2017-08-23 00:00:00,29.68,,1.72,21.16,
2017-08-24 00:00:00,122.96,,1.66,21.47,
2017-08-25 00:00:00,147.75,,1.64,20.92,
2017-08-26 00:00:00,21.49,,2.45,22.88,
2017-08-27 00:00:00,16.22,,1.69,20.58,
2017-08-28 00:00:00,27.27,,1.74,21.02,
2017-08-29 00:00:00,23.85,,1.86,21.77,
2017-08-30 00:00:00,33.58,,1.81,21.87,
2017-08-31 00:00:00,38.64,,1.92,22.26,
2017-09-01 00:00:00,262.07,,1.73,21.94,
2017-09-02 00:00:00,190.16,,1.91,23.26,
2017-09-03 00:00:00,7.83,,1.67,21.27,
2017-09-04 00:00:00,52.36,,1.86,22.74,
2017-09-05 00:00:00,14.11,,2.0,22.47,
2017-09-06 00:00:00,37.25,,1.77,21.78,
2017-09-07 00:00:00,12.13,,1.72,22.33,
2017-09-08 00:00:00,61.26,,1.8,22.25,
2017-09-09 00:00:00,32.94,,1.74,21.6,
2017-09-10 00:00:00,,,,,
2017-09-11 00:00:00,,,,,
2017-09-12 00:00:00,15.38,,2.02,23.55,
2017-09-13 00:00:00,15.19,,1.8,22.34,
2017-09-14 00:00:00,13.98,,1.74,21.38,
2017-09-15 00:00:00,13.5,,2.23,21.93,
2017-09-16 00:00:00,13.28,,1.73,21.02,
2017-09-17 00:00:00,11.02,,1.61,19.93,
2017-09-18 00:00:00,12.43,,1.6,20.08,
2017-09-19 00:00:00,13.31,,1.66,20.55,
2017-09-20 00:00:00,13.53,,1.74,20.8,
2017-09-21 00:00:00,15.77,,1.63,20.35,
2017-09-22 00:00:00,25.85,,1.69,20.59,
2017-09-23 00:00:00,24.83,,1.69,20.84,
2017-09-24 00:00:00,25.65,,1.6,20.54,
2017-09-25 00:00:00,20.64,,1.92,21.06,
2017-09-26 00:00:00,17.16,,1.6,20.8,
2017-09-27 00:00:00,28.31,,1.57,20.4,
2017-09-28 00:00:00,21.96,,1.31,16.18,
2017-09-29 00:00:00,24.86,,1.69,20.65,
2017-09-30 00:00:00,37.35,,1.65,20.24,
2017-10-01 00:00:00,18.97,,1.64,19.93,
2017-10-02 00:00:00,22.8,,1.57,19.66,
2017-10-03 00:00:00,25.32,,1.64,20.32,
2017-10-04 00:00:00,25.15,,1.64,20.17,
2017-10-05 00:00:00,27.94,,1.65,20.05,
2017-10-06 00:00:00,26.93,,1.69,19.97,
2017-10-07 00:00:00,36.16,,2.54,21.07,
2017-10-08 00:00:00,14.5,,3.36,20.75,
2017-10-09 00:00:00,23.24,,3.59,21.54,
2017-10-10 00:00:00,30.93,,3.97,23.11,
2017-10-11 00:00:00,24.54,,3.93,22.81,
2017-10-12 00:00:00,30.99,,4.13,22.8,
2017-10-13 00:00:00,30.66,,3.9,22.6,
2017-10-14 00:00:00,42.73,,3.89,22.51,
2017-10-15 00:00:00,61.92,,3.87,22.4,
2017-10-16 00:00:00,29.73,,3.96,23.27,
2017-10-17 00:00:00,41.53,,4.13,24.33,
2017-10-18 00:00:00,57.25,,4.11,24.25,
2017-10-19 00:00:00,50.45,,4.35,24.45,
2017-10-20 00:00:00,68.85,,4.13,27.14,
2017-10-21 00:00:00,52.06,,3.94,26.73,
2017-10-22 00:00:00,34.72,,3.93,23.05,
2017-10-23 00:00:00,39.55,,3.93,23.38,
2017-10-24 00:00:00,65.69,,4.23,25.03,
2017-10-25 00:00:00,56.55,,4.04,24.05,
2017-10-26 00:00:00,39.34,,4.01,23.47,
2017-10-27 00:00:00,36.2,,3.97,23.34,
2017-10-28 00:00:00,60.0,,4.05,23.17,
2017-10-29 00:00:00,76.45,,4.03,22.95,
2017-10-30 00:00:00,78.24,,4.0,22.95,
2017-10-31 00:00:00,99.8,,4.1,22.92,
2017-11-01 00:00:00,52.86,,3.88,22.09,
2017-11-02 00:00:00,120.22,82.32,4.53,23.25,
2017-11-03 00:00:00,101.93,,4.04,22.94,
2017-11-04 00:00:00,66.01,,4.05,22.84,
2017-11-05 00:00:00,47.52,,4.01,22.4,
2017-11-06 00:00:00,13.16,,4.21,22.96,
2017-11-07 00:00:00,35.59,,4.19,22.81,
2017-11-08 00:00:00,44.95,,4.13,22.78,
2017-11-09 00:00:00,37.04,,4.03,22.43,
2017-11-10 00:00:00,58.61,,3.84,21.65,
2017-11-11 00:00:00,52.06,,3.96,21.95,
2017-11-12 00:00:00,40.02,,3.9,21.42,
2017-11-13 00:00:00,49.75,,3.99,21.5,
2017-11-14 00:00:00,42.97,,3.96,21.51,
2017-11-15 00:00:00,49.17,,3.98,21.41,
2017-11-16 00:00:00,62.18,,4.02,21.82,
2017-11-17 00:00:00,56.08,,4.0,21.57,
2017-11-18 00:00:00,60.32,,4.01,21.66,
2017-11-19 00:00:00,52.5,,3.92,21.27,
2017-11-20 00:00:00,56.52,,4.0,21.44,
2017-11-21 00:00:00,45.1,,3.98,21.35,
2017-11-22 00:00:00,82.87,,4.09,21.82,
2017-11-23 00:00:00,66.5,,3.97,21.51,
2017-11-24 00:00:00,33.36,,4.03,21.31,
2017-11-25 00:00:00,,,,,
2017-11-26 00:00:00,,,,,
2017-11-27 00:00:00,,,,,
2017-11-28 00:00:00,,,,,
2017-11-29 00:00:00,,,,,
2017-11-30 00:00:00,,,,,
2017-12-01 00:00:00,,,,,
2017-12-02 00:00:00,,,,,
2017-12-03 00:00:00,,,,,
2017-12-04 00:00:00,,,,,
2017-12-05 00:00:00,,,,,
2017-12-06 00:00:00,87.72,,,,
2017-12-07 00:00:00,68.09,,,,
2017-12-08 00:00:00,103.04,,,,
2017-12-09 00:00:00,90.65,,,,
2017-12-10 00:00:00,80.21,,,,
2017-12-11 00:00:00,57.92,,,,
2017-12-12 00:00:00,,,,,
2017-12-13 00:00:00,,,,,
2017-12-14 00:00:00,158.03,,,,
2017-12-15 00:00:00,85.84,,,,
2017-12-16 00:00:00,75.59,,,,
2017-12-17 00:00:00,79.87,,,,
2017-12-18 00:00:00,86.41,,,,
2017-12-19 00:00:00,76.16,,,,
2017-12-20 00:00:00,108.33,,,,
2017-12-21 00:00:00,81.66,,,,
2017-12-22 00:00:00,72.4,,,,
2017-12-23 00:00:00,56.1,,,,
2017-12-24 00:00:00,49.21,,,,
2017-12-25 00:00:00,150.73,,,,
2017-12-26 00:00:00,62.95,,,,
2017-12-27 00:00:00,70.42,,,,
2017-12-28 00:00:00,73.46,,,,
2017-12-29 00:00:00,39.23,,,,
2017-12-30 00:00:00,35.24,,,,
2017-12-31 00:00:00,,,,,
2018-01-01 00:00:00,,,,,
2018-01-02 00:00:00,,,,,
2018-01-03 00:00:00,,,,,
2018-01-04 00:00:00,,,,,
2018-01-05 00:00:00,,,,,
2018-01-06 00:00:00,,,,,
2018-01-07 00:00:00,,,,,
2018-01-08 00:00:00,,,,,
2018-01-09 00:00:00,0.41,,,,
2018-01-10 00:00:00,26.53,,4.95,10.26,
2018-01-11 00:00:00,38.76,,4.14,19.78,
2018-01-12 00:00:00,39.87,,2.38,8.58,
2018-01-13 00:00:00,48.96,,2.22,11.26,
2018-01-14 00:00:00,35.14,,1.06,12.64,
2018-01-15 00:00:00,45.6,,1.01,13.51,
2018-01-16 00:00:00,55.74,,1.29,14.9,
2018-01-17 00:00:00,63.93,,1.0,10.2,
2018-01-18 00:00:00,51.36,,0.87,7.44,
2018-01-19 00:00:00,99.51,,2.65,16.21,
2018-01-20 00:00:00,37.8,,3.88,24.92,
2018-01-21 00:00:00,34.96,,1.83,19.97,
2018-01-22 00:00:00,42.42,,2.24,22.76,
2018-01-23 00:00:00,58.13,,2.63,23.2,
2018-01-24 00:00:00,57.0,,3.46,22.01,
2018-01-25 00:00:00,45.31,,2.14,14.67,
2018-01-26 00:00:00,49.09,,2.19,14.3,
2018-01-27 00:00:00,62.14,,4.07,18.06,
2018-01-28 00:00:00,46.41,,2.52,12.22,
2018-01-29 00:00:00,42.15,,2.74,13.41,
2018-01-30 00:00:00,65.31,,3.65,16.98,
2018-01-31 00:00:00,59.1,,4.02,18.13,
2018-02-01 00:00:00,50.32,,5.7,21.39,
2018-02-02 00:00:00,39.3,,4.3,16.91,
2018-02-03 00:00:00,33.78,,3.58,14.75,
2018-02-04 00:00:00,4.12,,0.61,1.47,
2018-02-05 00:00:00,41.19,,3.19,17.37,
2018-02-06 00:00:00,39.99,,2.8,18.74,
2018-02-07 00:00:00,38.96,,3.31,26.33,
2018-02-08 00:00:00,53.68,,5.53,36.21,
2018-02-09 00:00:00,49.93,,4.05,36.19,
2018-02-10 00:00:00,40.22,,6.19,34.11,
2018-02-11 00:00:00,35.7,,0.04,0.27,9.54
2018-02-12 00:00:00,44.52,,,,1.01
2018-02-13 00:00:00,40.67,,,,1.02
2018-02-14 00:00:00,41.31,,,,0.95
2018-02-15 00:00:00,42.99,,,,1.02
2018-02-16 00:00:00,44.48,,,,0.99
2018-02-17 00:00:00,47.93,,,,1.02
2018-02-18 00:00:00,36.14,,,,0.89
2018-02-19 00:00:00,39.63,,,,0.98
2018-02-20 00:00:00,38.0,,,,0.97
2018-02-21 00:00:00,49.34,,,,0.89
2018-02-22 00:00:00,53.82,,,,0.92
2018-02-23 00:00:00,54.36,,,,0.92
2018-02-24 00:00:00,39.53,,,,0.91
2018-02-25 00:00:00,29.93,,,,0.91
2018-02-26 00:00:00,33.53,,,,0.96
2018-02-27 00:00:00,33.29,,,,0.87
2018-02-28 00:00:00,44.56,,,,0.89
2018-03-01 00:00:00,44.12,,,,0.91
2018-03-02 00:00:00,24.18,,,,0.87
2018-03-03 00:00:00,,,,,0.9
2018-03-04 00:00:00,,,,,0.83
2018-03-05 00:00:00,,,,,0.86
2018-03-06 00:00:00,,,,,0.84
2018-03-07 00:00:00,,,,,0.94
2018-03-08 00:00:00,,,,,0.96
2018-03-09 00:00:00,,,,,0.99
2018-03-10 00:00:00,,,,,0.9
2018-03-11 00:00:00,,,,,
2018-03-12 00:00:00,,,,,0.74
2018-03-13 00:00:00,,,,,0.81
2018-03-14 00:00:00,,,,,0.76
2018-03-15 00:00:00,,,,,0.82
2018-03-16 00:00:00,,,,,0.77
2018-03-17 00:00:00,,,,,0.84
2018-03-18 00:00:00,,,,,0.79
2018-03-19 00:00:00,,,,,0.81
2018-03-20 00:00:00,,,,,0.81
2018-03-21 00:00:00,,,,,0.82
2018-03-22 00:00:00,,,,,0.81
2018-03-23 00:00:00,,,,,0.77
2018-03-24 00:00:00,,,,,0.84
2018-03-25 00:00:00,,,,,
2018-03-26 00:00:00,,,,,0.85
2018-03-27 00:00:00,,,,,0.91
2018-03-28 00:00:00,,,,,0.84
2018-03-29 00:00:00,,,,,0.84
2018-03-30 00:00:00,,,,,0.78
2018-03-31 00:00:00,,,,,0.85
2018-04-01 00:00:00,,,,,0.76
2018-04-02 00:00:00,,,,,0.8
2018-04-03 00:00:00,,,,,0.87
2018-04-04 00:00:00,,,,,0.77
2018-04-05 00:00:00,,,,,0.8
2018-04-06 00:00:00,,,,,0.77
2018-04-07 00:00:00,,,,,0.76
2018-04-08 00:00:00,,,,,0.71
2018-04-09 00:00:00,,,,,0.73
2018-04-10 00:00:00,,,,,0.77
2018-04-11 00:00:00,,,,,0.78
2018-04-12 00:00:00,,,,,0.75
2018-04-13 00:00:00,,,,,0.74
2018-04-14 00:00:00,,,,,0.41
2018-04-15 00:00:00,,,,,0.37
2018-04-16 00:00:00,,,,,0.5
2018-04-17 00:00:00,,,,,0.59
2018-04-18 00:00:00,,,,,0.7
2018-04-19 00:00:00,,,,,0.82
2018-04-20 00:00:00,,,,,0.74
2018-04-21 00:00:00,,,,,1.0
2018-04-22 00:00:00,,,,,0.71
2018-04-23 00:00:00,,,,,0.78
2018-04-24 00:00:00,,,,,0.87
2018-04-25 00:00:00,,,,,1.01
2018-04-26 00:00:00,,,,,0.78
2018-04-27 00:00:00,,,,,0.78
2018-04-28 00:00:00,,,,,0.83
2018-04-29 00:00:00,,,,,0.77
2018-04-30 00:00:00,,,,,0.75
2018-05-01 00:00:00,,,,,0.73
2018-05-02 00:00:00,,,,,0.74
2018-05-03 00:00:00,,,,,0.64
2018-05-04 00:00:00,,,,,0.94
2018-05-05 00:00:00,,,,,0.86
2018-05-06 00:00:00,,,,,0.71
2018-05-07 00:00:00,,,,,0.81
2018-05-08 00:00:00,,,,,0.72
2018-05-09 00:00:00,,,,,0.7
2018-05-10 00:00:00,,,,,0.72
2018-05-11 00:00:00,,,,,0.82
2018-05-12 00:00:00,,,,,0.77
2018-05-13 00:00:00,,,,,0.78
2018-05-14 00:00:00,,,,,0.75
2018-05-15 00:00:00,,,,,0.78
2018-05-16 00:00:00,,,,,0.9
2018-05-17 00:00:00,,,,,0.93
2018-05-18 00:00:00,,,,,1.07
2018-05-19 00:00:00,,,,,1.11
2018-05-20 00:00:00,,,,,0.83
2018-05-21 00:00:00,,,,,0.81
2018-05-22 00:00:00,,,,,0.91
2018-05-23 00:00:00,,,,,0.97
2018-05-24 00:00:00,,,,,0.93
2018-05-25 00:00:00,,,,,0.93
2018-05-26 00:00:00,,,,,1.11
2018-05-27 00:00:00,,,,,0.84
2018-05-28 00:00:00,,,,,0.92
2018-05-29 00:00:00,,,,,1.36
2018-05-30 00:00:00,13.24,,,,0.75
2018-05-31 00:00:00,25.05,,,,0.72
2018-06-01 00:00:00,28.94,,,,0.76
2018-06-02 00:00:00,29.55,,,,0.95
2018-06-03 00:00:00,30.67,,,,0.67
2018-06-04 00:00:00,13.48,,,,0.71
2018-06-05 00:00:00,23.82,,,,0.74
2018-06-06 00:00:00,20.04,,,,1.08
2018-06-07 00:00:00,19.8,,,,1.06
2018-06-08 00:00:00,10.45,,1.38,2.85,0.62
2018-06-09 00:00:00,14.52,,,,0.61
2018-06-10 00:00:00,12.74,,,9.38,0.6
2018-06-11 00:00:00,19.95,,,,0.6
2018-06-12 00:00:00,25.13,,,,0.63
2018-06-13 00:00:00,25.75,,,,0.69
2018-06-14 00:00:00,29.97,,,,0.82
2018-06-15 00:00:00,119.49,,4.55,18.27,0.67
2018-06-16 00:00:00,15.66,,4.43,8.51,0.68
2018-06-17 00:00:00,17.34,,5.14,8.66,0.56
2018-06-18 00:00:00,17.18,,3.78,6.07,0.71
2018-06-19 00:00:00,21.92,,3.57,4.36,0.47
2018-06-20 00:00:00,12.22,,3.63,4.58,0.52
2018-06-21 00:00:00,21.18,,3.85,5.43,0.56
2018-06-22 00:00:00,26.81,,4.18,6.0,0.56
2018-06-23 00:00:00,35.84,,4.06,6.11,0.63
2018-06-24 00:00:00,20.72,,4.33,6.95,0.54
2018-06-25 00:00:00,30.41,,3.75,7.98,0.61
2018-06-26 00:00:00,30.48,,3.55,7.44,0.61
2018-06-27 00:00:00,,,3.55,8.23,0.62
2018-06-28 00:00:00,7.02,,3.65,8.98,0.63
2018-06-29 00:00:00,9.34,,3.65,8.74,0.62
2018-06-30 00:00:00,14.32,,4.32,12.59,0.71
2018-07-01 00:00:00,14.53,,4.16,10.59,0.65
2018-07-02 00:00:00,10.57,,3.95,10.02,0.62
2018-07-03 00:00:00,18.16,,4.16,11.45,0.68
2018-07-04 00:00:00,21.43,,3.78,8.99,0.65
2018-07-05 00:00:00,29.98,,3.92,8.86,0.72
2018-07-06 00:00:00,40.9,,3.93,7.36,0.92
2018-07-07 00:00:00,20.93,,3.68,6.41,0.94
2018-07-08 00:00:00,21.66,,3.47,4.89,0.92
2018-07-09 00:00:00,22.88,,3.5,5.2,0.91
2018-07-10 00:00:00,476.84,,3.61,5.58,0.96
2018-07-11 00:00:00,32.46,,3.6,5.13,0.88
2018-07-12 00:00:00,24.9,,3.36,3.96,0.86
2018-07-13 00:00:00,20.4,,3.48,4.73,0.93
2018-07-14 00:00:00,22.0,,3.38,4.03,0.77
2018-07-15 00:00:00,22.58,,3.33,2.91,0.78
2018-07-16 00:00:00,22.12,,3.72,4.68,0.85
2018-07-17 00:00:00,19.8,,3.62,4.79,0.81
2018-07-18 00:00:00,20.72,,3.45,4.79,0.85
2018-07-19 00:00:00,34.77,,3.13,9.22,0.93
2018-07-20 00:00:00,20.37,,2.51,13.31,0.9
2018-07-21 00:00:00,26.34,,2.64,14.09,0.81
2018-07-22 00:00:00,28.29,,2.53,12.97,0.84
2018-07-23 00:00:00,28.54,,2.51,15.15,0.87
2018-07-24 00:00:00,24.5,,2.52,17.44,0.7
2018-07-25 00:00:00,20.81,,2.62,16.43,0.73
2018-07-26 00:00:00,29.44,,2.8,17.53,0.68
2018-07-27 00:00:00,31.15,,3.51,17.95,0.59
2018-07-28 00:00:00,33.4,,4.05,20.2,0.68
2018-07-29 00:00:00,22.96,,3.44,17.2,0.73
2018-07-30 00:00:00,28.62,,3.98,19.74,0.69
2018-07-31 00:00:00,31.04,,3.94,19.23,0.7
2018-08-01 00:00:00,28.63,,4.6,18.41,0.67
2018-08-02 00:00:00,28.79,,4.49,12.74,0.81
2018-08-03 00:00:00,29.45,,4.09,17.34,0.63
2018-08-04 00:00:00,30.16,,4.65,19.22,0.66
2018-08-05 00:00:00,20.98,,4.76,18.37,0.56
2018-08-06 00:00:00,48.18,,4.58,18.64,0.63
2018-08-07 00:00:00,17.06,,4.56,19.24,0.66
2018-08-08 00:00:00,27.8,,4.65,20.62,0.68
2018-08-09 00:00:00,24.78,,4.47,16.3,0.66
2018-08-10 00:00:00,20.43,,4.57,10.42,0.69
2018-08-11 00:00:00,17.24,,4.76,10.67,0.69
2018-08-12 00:00:00,9.63,,4.38,8.75,0.64
2018-08-13 00:00:00,11.71,,4.38,9.06,0.67
2018-08-14 00:00:00,13.27,,4.53,9.49,0.77
2018-08-15 00:00:00,21.37,,4.34,8.52,0.76
2018-08-16 00:00:00,13.06,,3.53,7.17,0.7
2018-08-17 00:00:00,18.03,,2.72,5.13,0.75
2018-08-18 00:00:00,30.14,,5.87,18.6,0.73
2018-08-19 00:00:00,23.34,,11.56,27.82,0.68
2018-08-20 00:00:00,24.54,,5.35,16.64,0.71
2018-08-21 00:00:00,28.55,,5.29,12.0,0.7
2018-08-22 00:00:00,29.36,,5.62,9.89,0.76
2018-08-23 00:00:00,23.33,,4.41,10.27,0.78
2018-08-24 00:00:00,18.24,,6.33,14.04,0.77
2018-08-25 00:00:00,32.89,,9.01,16.25,0.78
2018-08-26 00:00:00,16.74,,6.27,13.46,0.74
2018-08-27 00:00:00,25.4,,6.63,14.44,0.8
2018-08-28 00:00:00,39.42,,6.27,13.92,0.79
2018-08-29 00:00:00,29.14,,6.5,14.22,0.87
2018-08-30 00:00:00,43.92,,4.34,9.97,0.81
2018-08-31 00:00:00,39.53,,2.9,6.75,0.77
2018-09-01 00:00:00,30.63,,3.03,9.26,0.76
2018-09-02 00:00:00,29.0,,3.17,13.02,0.7
2018-09-03 00:00:00,42.26,,3.23,15.34,0.82
2018-09-04 00:00:00,36.09,,3.3,16.63,0.9
2018-09-05 00:00:00,29.86,,2.86,14.09,0.9
2018-09-06 00:00:00,30.81,,2.76,13.97,0.91
2018-09-07 00:00:00,26.56,,2.9,13.96,0.87
2018-09-08 00:00:00,30.27,,2.95,14.06,0.91
2018-09-09 00:00:00,30.4,,2.7,14.05,0.92
2018-09-10 00:00:00,35.16,,2.74,14.9,1.04
2018-09-11 00:00:00,35.31,,3.38,15.77,1.13
2018-09-12 00:00:00,28.11,,3.05,16.27,1.07
2018-09-13 00:00:00,31.59,,2.94,15.07,1.02
2018-09-14 00:00:00,37.56,,2.89,16.34,1.07
2018-09-15 00:00:00,29.23,,3.19,15.63,1.08
2018-09-16 00:00:00,30.82,,7.99,19.59,0.88
2018-09-17 00:00:00,23.46,,3.09,13.79,0.48
2018-09-18 00:00:00,26.24,,2.73,13.29,0.38
2018-09-19 00:00:00,28.7,,3.01,14.78,0.43
2018-09-20 00:00:00,30.33,,2.94,15.15,0.42
2018-09-21 00:00:00,32.75,,2.74,14.92,0.38
2018-09-22 00:00:00,34.36,,3.03,15.71,0.41
2018-09-23 00:00:00,39.72,,2.71,16.48,0.38
2018-09-24 00:00:00,29.92,,3.84,14.9,0.45
2018-09-25 00:00:00,36.83,,6.63,19.23,0.4
2018-09-26 00:00:00,33.34,,3.12,16.45,0.4
2018-09-27 00:00:00,38.69,,3.78,16.63,0.39
2018-09-28 00:00:00,40.61,,5.5,17.17,0.34
2018-09-29 00:00:00,29.39,,3.89,15.95,0.32
2018-09-30 00:00:00,32.42,,3.7,15.54,0.36
2018-10-01 00:00:00,32.74,,3.61,16.43,0.43
2018-10-02 00:00:00,22.45,,3.11,14.87,0.3
2018-10-03 00:00:00,24.07,,3.23,15.1,0.33
2018-10-04 00:00:00,26.28,,3.67,15.23,0.32
2018-10-05 00:00:00,22.37,,3.42,14.55,0.33
2018-10-06 00:00:00,24.4,,3.84,16.48,0.39
2018-10-07 00:00:00,25.23,,3.2,16.2,0.35
2018-10-08 00:00:00,40.94,,4.84,18.23,0.32
2018-10-09 00:00:00,39.97,,3.71,20.11,0.3
2018-10-10 00:00:00,55.85,,4.09,21.99,0.32
2018-10-11 00:00:00,58.7,,4.05,24.14,0.34
2018-10-12 00:00:00,67.08,,5.19,26.14,0.4
2018-10-13 00:00:00,66.89,,5.52,24.98,0.29
2018-10-14 00:00:00,53.79,,3.06,16.96,0.4
2018-10-15 00:00:00,47.79,,3.18,18.7,0.32
2018-10-16 00:00:00,44.45,,2.91,16.78,0.35
2018-10-17 00:00:00,32.41,,2.67,14.82,0.41
2018-10-18 00:00:00,285.99,,2.85,15.68,0.33
2018-10-19 00:00:00,24.96,,3.46,14.47,0.31
2018-10-20 00:00:00,30.67,,2.85,15.35,0.31
2018-10-21 00:00:00,43.19,,5.59,16.78,0.31
2018-10-22 00:00:00,43.11,,4.61,22.41,0.31
2018-10-23 00:00:00,49.13,,7.74,26.65,0.36
2018-10-24 00:00:00,45.42,,9.01,27.56,0.33
2018-10-25 00:00:00,41.56,,4.9,28.26,0.64
2018-10-26 00:00:00,56.04,,9.83,43.72,0.79
2018-10-27 00:00:00,30.13,,9.93,49.02,0.78
2018-10-28 00:00:00,33.17,,6.05,61.38,0.42
2018-10-29 00:00:00,33.41,,5.91,68.31,0.58
2018-10-30 00:00:00,35.24,,5.63,55.11,0.72
2018-10-31 00:00:00,34.34,,5.42,33.93,0.73
2018-11-01 00:00:00,16.98,,4.7,29.48,0.57
2018-11-02 00:00:00,13.81,,5.0,22.92,0.71
2018-11-03 00:00:00,20.67,,4.72,19.55,0.7
2018-11-04 00:00:00,16.84,,3.96,22.75,0.69
2018-11-05 00:00:00,22.83,,4.1,28.79,0.71
2018-11-06 00:00:00,31.12,,4.17,33.74,0.68
2018-11-07 00:00:00,37.25,,3.78,37.27,0.62
2018-11-08 00:00:00,43.43,,3.86,36.1,0.72
2018-11-09 00:00:00,24.91,,3.89,37.93,0.66
2018-11-10 00:00:00,36.8,,4.59,45.99,0.73
2018-11-11 00:00:00,36.92,,3.84,43.98,0.68
2018-11-12 00:00:00,39.44,,5.27,49.46,0.78
2018-11-13 00:00:00,45.91,,4.93,51.38,0.82
2018-11-14 00:00:00,46.63,,6.11,57.54,0.92
2018-11-15 00:00:00,36.75,,4.96,50.29,0.84
2018-11-16 00:00:00,20.78,,3.55,32.69,0.73
2018-11-17 00:00:00,39.68,,3.29,32.7,0.79
2018-11-18 00:00:00,33.92,,2.77,27.43,0.74
2018-11-19 00:00:00,18.31,,3.67,30.3,0.7
2018-11-20 00:00:00,21.62,,4.05,38.55,0.62
2018-11-21 00:00:00,29.26,,5.71,38.54,0.78
2018-11-22 00:00:00,16.4,,3.81,31.38,0.7
2018-11-23 00:00:00,41.88,,5.68,34.66,0.94
2018-11-24 00:00:00,240.09,,3.95,36.18,0.86
2018-11-25 00:00:00,48.66,,3.97,39.24,0.78
2018-11-26 00:00:00,55.75,,13.42,41.38,0.77
2018-11-27 00:00:00,41.5,,88.72,97.51,0.72
2018-11-28 00:00:00,36.49,,6.76,36.25,0.78
2018-11-29 00:00:00,31.53,,6.22,35.99,0.76
2018-11-30 00:00:00,35.86,,4.95,34.74,0.72
2018-12-01 00:00:00,34.67,,4.89,37.76,0.72
2018-12-02 00:00:00,22.36,,4.67,35.77,0.65
2018-12-03 00:00:00,22.8,,4.63,33.31,0.72
2018-12-04 00:00:00,24.75,,5.09,33.79,0.73
2018-12-05 00:00:00,195.21,,5.47,34.92,0.84
2018-12-06 00:00:00,23.9,,4.93,33.63,0.8
2018-12-07 00:00:00,30.92,,4.84,34.31,0.76
2018-12-08 00:00:00,48.93,,4.6,45.92,0.79
2018-12-09 00:00:00,45.05,,,,0.74
2018-12-10 00:00:00,60.03,,9.08,47.97,1.02
2018-12-11 00:00:00,76.03,,7.1,36.61,1.01
2018-12-12 00:00:00,65.58,,6.59,37.08,1.03
2018-12-13 00:00:00,53.33,,6.32,31.17,0.88
2018-12-14 00:00:00,41.82,,6.74,33.15,0.76
2018-12-15 00:00:00,38.76,,6.43,35.28,0.68
2018-12-16 00:00:00,48.89,,6.42,31.07,0.68
2018-12-17 00:00:00,69.41,,7.14,37.03,0.87
2018-12-18 00:00:00,57.92,,6.77,41.18,0.86
2018-12-19 00:00:00,44.7,,6.5,35.34,0.87
2018-12-20 00:00:00,37.36,,6.4,33.05,0.8
2018-12-21 00:00:00,42.2,,6.81,33.37,0.82
2018-12-22 00:00:00,38.25,,6.3,34.59,0.75
2018-12-23 00:00:00,29.86,,5.7,26.24,0.65
2018-12-24 00:00:00,34.74,,6.12,26.71,0.76
2018-12-25 00:00:00,44.16,,7.07,28.0,0.75
2018-12-26 00:00:00,39.73,,6.91,30.15,0.75
2018-12-27 00:00:00,45.63,,5.87,26.14,0.68
2018-12-28 00:00:00,54.63,,6.84,28.85,0.83
2018-12-29 00:00:00,54.19,,6.76,27.64,0.74
2018-12-30 00:00:00,49.85,,6.29,26.59,0.65
2018-12-31 00:00:00,52.03,,7.13,34.3,0.77
2019-01-01 00:00:00,62.22,,7.28,38.6,0.75
2019-01-02 00:00:00,53.86,,8.95,52.72,0.73
2019-01-03 00:00:00,52.26,,12.49,94.09,0.85
2019-01-04 00:00:00,46.98,,9.54,69.26,1.06
2019-01-05 00:00:00,34.24,,13.44,33.08,1.03
2019-01-06 00:00:00,49.19,,6.46,36.0,0.97
2019-01-07 00:00:00,50.9,,7.45,55.22,0.96
2019-01-08 00:00:00,60.38,,6.87,61.18,0.82
2019-01-09 00:00:00,50.85,,7.1,67.06,0.84
2019-01-10 00:00:00,67.82,,7.37,69.47,0.95
2019-01-11 00:00:00,67.05,,7.58,74.25,0.92
2019-01-12 00:00:00,70.59,,7.29,72.49,0.84
2019-01-13 00:00:00,52.75,,6.95,73.06,0.84
2019-01-14 00:00:00,62.27,,7.69,75.66,0.88
2019-01-15 00:00:00,52.44,,6.77,71.58,0.63
2019-01-16 00:00:00,66.23,,7.37,76.56,0.88
2019-01-17 00:00:00,58.48,,9.02,60.85,0.7
2019-01-18 00:00:00,50.45,,4.32,25.81,1.03
2019-01-19 00:00:00,44.97,,4.85,26.88,0.76
2019-01-20 00:00:00,28.97,,3.96,21.92,0.74
2019-01-21 00:00:00,37.07,,4.23,26.7,0.93
2019-01-22 00:00:00,50.4,,5.25,26.91,1.1
2019-01-23 00:00:00,43.08,,4.72,25.98,1.05
2019-01-24 00:00:00,34.95,,4.36,22.15,0.86
2019-01-25 00:00:00,26.33,,4.2,20.17,0.94
2019-01-26 00:00:00,31.83,,4.16,19.44,0.93
2019-01-27 00:00:00,27.62,,4.11,17.29,0.86
2019-01-28 00:00:00,26.2,,4.13,16.81,0.79
2019-01-29 00:00:00,23.4,,4.24,18.24,0.81
2019-01-30 00:00:00,31.67,,4.2,17.95,0.8
2019-01-31 00:00:00,29.17,,4.09,20.7,1.03
2019-02-01 00:00:00,39.8,,4.28,22.42,0.93
2019-02-02 00:00:00,36.06,,3.96,21.55,0.87
2019-02-03 00:00:00,26.84,,3.81,19.98,0.79
2019-02-04 00:00:00,32.01,,3.93,19.84,0.69
2019-02-05 00:00:00,32.68,,3.74,19.12,0.87
2019-02-06 00:00:00,39.03,,3.76,21.26,0.86
2019-02-07 00:00:00,43.8,,3.84,23.09,0.91
2019-02-08 00:00:00,40.2,,3.79,21.05,0.86
2019-02-09 00:00:00,48.31,,3.96,22.73,0.9
2019-02-10 00:00:00,34.23,,3.67,18.43,0.78
2019-02-11 00:00:00,30.52,,3.67,17.94,0.69
2019-02-12 00:00:00,36.29,,3.74,20.56,0.75
2019-02-13 00:00:00,37.76,,3.78,21.85,0.76
2019-02-14 00:00:00,35.33,,3.6,22.19,0.81
2019-02-15 00:00:00,41.87,,3.61,20.43,0.8
2019-02-16 00:00:00,45.13,,3.79,20.25,0.74
2019-02-17 00:00:00,38.8,,3.69,20.09,0.81
2019-02-18 00:00:00,48.17,,4.45,24.53,0.8
2019-02-19 00:00:00,50.22,,3.64,21.06,0.81
2019-02-20 00:00:00,41.55,,3.63,19.06,0.66
2019-02-21 00:00:00,36.53,,3.59,18.26,0.65
2019-02-22 00:00:00,52.97,,13.84,25.05,0.68
2019-02-23 00:00:00,54.89,,3.64,24.07,0.67
2019-02-24 00:00:00,52.09,,3.53,23.88,0.67
2019-02-25 00:00:00,53.08,,4.21,27.61,0.64
2019-02-26 00:00:00,62.06,,3.87,26.22,0.61
2019-02-27 00:00:00,61.55,,3.8,22.73,0.54
2019-02-28 00:00:00,64.18,,3.65,24.53,0.45
2019-03-01 00:00:00,72.07,,3.62,26.26,0.39
2019-03-02 00:00:00,50.58,,3.36,19.27,0.38
2019-03-03 00:00:00,40.24,,3.36,20.19,0.46
2019-03-04 00:00:00,52.97,,3.31,18.81,0.42
2019-03-05 00:00:00,62.11,,3.37,19.91,0.38
2019-03-06 00:00:00,80.71,,3.38,20.37,0.67
2019-03-07 00:00:00,91.89,,4.36,28.95,0.89
2019-03-08 00:00:00,78.76,,3.35,29.23,0.9
2019-03-09 00:00:00,67.25,,3.43,23.75,0.91
2019-03-10 00:00:00,46.13,,3.31,18.93,0.76
2019-03-11 00:00:00,47.16,,3.34,19.75,0.72
2019-03-12 00:00:00,63.17,,3.31,20.92,0.77
2019-03-13 00:00:00,66.04,,3.7,24.89,0.8
2019-03-14 00:00:00,58.25,,3.9,24.55,0.69
2019-03-15 00:00:00,59.29,,3.05,25.43,0.64
2019-03-16 00:00:00,57.57,,3.21,25.63,0.75
2019-03-17 00:00:00,63.66,,3.17,26.64,0.78
2019-03-18 00:00:00,56.26,,3.13,24.03,0.81
2019-03-19 00:00:00,54.75,,3.25,22.25,0.8
2019-03-20 00:00:00,51.56,,3.34,20.88,0.87
2019-03-21 00:00:00,60.87,,3.3,21.0,0.83
2019-03-22 00:00:00,62.23,,3.34,22.12,0.83
2019-03-23 00:00:00,66.31,,3.55,23.14,0.83
2019-03-24 00:00:00,65.53,,3.25,19.56,0.78
2019-03-25 00:00:00,69.71,,3.45,20.69,0.84
2019-03-26 00:00:00,73.32,,3.34,21.68,0.81
2019-03-27 00:00:00,97.1,,3.44,23.22,0.83
2019-03-28 00:00:00,91.97,,3.36,24.19,0.81
2019-03-29 00:00:00,72.23,,3.58,23.69,0.84
2019-03-30 00:00:00,84.92,,5.76,27.52,0.92
2019-03-31 00:00:00,62.54,,3.79,21.74,0.88
2019-04-01 00:00:00,74.6,,4.41,23.8,0.82
2019-04-02 00:00:00,71.36,,3.76,22.55,0.86
2019-04-03 00:00:00,73.91,,3.29,21.03,0.79
2019-04-04 00:00:00,151.91,,3.25,20.59,0.84
2019-04-05 00:00:00,52.62,,3.2,20.13,0.84
2019-04-06 00:00:00,56.5,,3.15,19.15,0.88
2019-04-07 00:00:00,81.06,,3.13,18.48,0.88
2019-04-08 00:00:00,101.44,,3.32,19.08,0.86
2019-04-09 00:00:00,82.23,,3.23,17.77,0.7
2019-04-10 00:00:00,68.28,,3.3,19.55,0.87
2019-04-11 00:00:00,66.15,,3.42,19.52,0.85
2019-04-12 00:00:00,61.0,,3.33,19.56,0.78
2019-04-13 00:00:00,58.69,,3.27,18.22,0.75
2019-04-14 00:00:00,55.05,,3.2,17.22,0.75
2019-04-15 00:00:00,63.69,,3.44,20.78,0.76
2019-04-16 00:00:00,56.91,,3.31,19.61,0.79
2019-04-17 00:00:00,121.51,,3.5,18.58,0.8
2019-04-18 00:00:00,53.87,,3.37,16.8,0.75
2019-04-19 00:00:00,37.42,,3.65,19.24,0.83
2019-04-20 00:00:00,30.4,,3.55,17.58,0.86
2019-04-21 00:00:00,26.14,,3.45,18.1,0.73
2019-04-22 00:00:00,38.67,,4.13,18.72,0.82
2019-04-23 00:00:00,30.51,,3.53,19.22,0.78
2019-04-24 00:00:00,41.88,,3.53,21.41,0.88
2019-04-25 00:00:00,48.53,,3.48,22.83,0.8
2019-04-26 00:00:00,49.07,,3.5,21.88,0.83
2019-04-27 00:00:00,60.22,,3.42,20.38,0.93
2019-04-28 00:00:00,52.23,,3.39,21.34,0.95
2019-04-29 00:00:00,47.32,,3.42,18.19,0.89
2019-04-30 00:00:00,57.18,,3.95,18.66,0.82
2019-05-01 00:00:00,23.04,,3.57,15.71,0.76
2019-05-02 00:00:00,42.06,,3.46,16.97,0.83
2019-05-03 00:00:00,44.58,,3.39,17.2,0.81
2019-05-04 00:00:00,51.72,,3.43,17.78,0.87
2019-05-05 00:00:00,54.54,,3.35,17.39,0.82
2019-05-06 00:00:00,47.19,,3.34,17.55,0.94
2019-05-07 00:00:00,37.65,,3.4,16.07,0.86
2019-05-08 00:00:00,,,,,
2019-05-09 00:00:00,26.39,,4.1,20.49,1.0
2019-05-10 00:00:00,41.3,,3.48,22.38,0.85
2019-05-11 00:00:00,43.64,,3.36,17.17,0.92
2019-05-12 00:00:00,28.39,,3.31,14.42,0.76
2019-05-13 00:00:00,29.27,,3.86,16.95,0.94
2019-05-14 00:00:00,33.92,,3.4,15.19,0.82
2019-05-15 00:00:00,37.08,,3.48,14.71,0.93
2019-05-16 00:00:00,35.56,,4.08,16.08,1.1
2019-05-17 00:00:00,41.66,,4.22,16.01,1.08
2019-05-18 00:00:00,58.48,,3.84,17.4,1.14
2019-05-19 00:00:00,39.67,,3.48,17.86,1.16
2019-05-20 00:00:00,49.37,,3.64,19.47,0.97
2019-05-21 00:00:00,42.0,,3.49,18.82,0.79
2019-05-22 00:00:00,39.85,,4.33,20.68,0.83
2019-05-23 00:00:00,31.81,,3.72,19.79,0.91
2019-05-24 00:00:00,29.01,,3.87,19.32,0.91
2019-05-25 00:00:00,26.23,,3.54,18.22,0.85
2019-05-26 00:00:00,25.57,,3.31,18.3,0.75
2019-05-27 00:00:00,27.17,,3.91,21.3,0.86
2019-05-28 00:00:00,34.96,,3.69,19.45,0.97
2019-05-29 00:00:00,24.18,,3.46,20.66,0.79
2019-05-30 00:00:00,30.61,,3.43,19.42,0.88
2019-05-31 00:00:00,32.16,,3.42,19.74,0.7
2019-06-01 00:00:00,45.95,,3.53,19.92,1.28
2019-06-02 00:00:00,86.36,,3.3,16.54,1.97
2019-06-03 00:00:00,,,3.45,18.79,0.93
2019-06-04 00:00:00,,,4.12,19.25,0.73
2019-06-05 00:00:00,,,,,
2019-06-06 00:00:00,,,3.55,20.82,1.27
2019-06-07 00:00:00,18.59,,3.68,23.0,1.0
2019-06-08 00:00:00,16.85,,3.79,22.8,0.89
2019-06-09 00:00:00,14.89,,3.57,20.9,0.83
2019-06-10 00:00:00,12.17,,3.48,21.66,0.83
2019-06-11 00:00:00,27.62,,4.1,33.18,0.87
2019-06-12 00:00:00,24.87,,3.79,37.2,0.73
2019-06-13 00:00:00,26.11,,3.7,31.78,1.1
2019-06-14 00:00:00,28.73,,3.46,31.24,0.97
2019-06-15 00:00:00,34.35,,3.36,31.06,0.84
2019-06-16 00:00:00,27.64,,2.86,29.47,0.75
2019-06-17 00:00:00,36.88,,3.88,34.25,0.94
2019-06-18 00:00:00,49.27,,3.64,36.15,0.95
2019-06-19 00:00:00,37.91,,2.79,27.33,0.92
2019-06-20 00:00:00,32.24,,2.86,27.07,0.85
2019-06-21 00:00:00,35.37,,2.9,28.88,1.15
2019-06-22 00:00:00,24.48,,3.1,28.55,1.14
2019-06-23 00:00:00,23.9,,2.81,27.16,0.95
2019-06-24 00:00:00,33.59,,3.19,27.23,1.08
2019-06-25 00:00:00,40.4,,2.96,28.89,1.04
2019-06-26 00:00:00,34.71,,3.01,28.37,0.98
2019-06-27 00:00:00,34.54,,3.16,28.86,0.98
2019-06-28 00:00:00,43.92,,2.77,27.38,1.0
2019-06-29 00:00:00,40.01,,2.9,28.43,0.85
2019-06-30 00:00:00,27.6,,2.74,27.19,0.98
2019-07-01 00:00:00,31.08,,2.83,27.74,0.93
2019-07-02 00:00:00,31.24,,3.42,30.83,0.93
2019-07-03 00:00:00,29.37,,2.66,27.81,0.93
2019-07-04 00:00:00,35.44,,3.22,29.94,1.19
2019-07-05 00:00:00,31.06,,2.99,28.78,0.92
2019-07-06 00:00:00,23.38,,2.9,27.43,0.73
2019-07-07 00:00:00,,,,,
2019-07-08 00:00:00,,,,,
2019-07-09 00:00:00,27.17,,3.04,26.24,1.01
2019-07-10 00:00:00,24.38,,2.74,30.28,0.83
2019-07-11 00:00:00,27.22,,2.81,31.82,0.79
2019-07-12 00:00:00,33.07,,2.91,32.21,0.73
2019-07-13 00:00:00,28.9,,2.81,30.37,0.59
2019-07-14 00:00:00,22.55,,2.48,28.89,0.69
2019-07-15 00:00:00,21.22,,2.94,30.84,0.65
2019-07-16 00:00:00,30.11,,2.83,29.99,0.72
2019-07-17 00:00:00,35.69,,2.98,30.01,0.59
2019-07-18 00:00:00,34.68,,3.36,29.37,0.51
2019-07-19 00:00:00,24.3,,3.09,28.61,0.6
2019-07-20 00:00:00,20.89,,2.63,29.67,0.68
2019-07-21 00:00:00,22.81,,2.44,29.87,0.7
2019-07-22 00:00:00,22.27,,2.54,28.29,0.7
2019-07-23 00:00:00,28.67,,2.89,29.74,0.96
2019-07-24 00:00:00,30.47,,3.59,31.67,0.83
2019-07-25 00:00:00,26.4,,3.13,30.22,0.97
2019-07-26 00:00:00,30.69,,3.02,29.16,0.83
2019-07-27 00:00:00,31.38,,2.98,28.88,0.82
2019-07-28 00:00:00,31.04,,2.55,27.25,0.76
2019-07-29 00:00:00,28.02,,2.77,27.32,0.8
2019-07-30 00:00:00,27.3,,2.94,30.22,0.8
2019-07-31 00:00:00,26.65,,2.99,28.48,0.73
2019-08-01 00:00:00,21.33,,2.66,26.11,0.59
2019-08-02 00:00:00,19.92,,2.79,28.36,0.82
2019-08-03 00:00:00,21.15,,2.68,28.01,0.83
2019-08-04 00:00:00,,,,,0.0
2019-08-05 00:00:00,17.54,,2.94,29.33,0.52
2019-08-06 00:00:00,16.89,,2.87,30.14,0.84
2019-08-07 00:00:00,18.24,,3.34,29.77,0.82
2019-08-08 00:00:00,16.57,,2.91,28.39,0.81
2019-08-09 00:00:00,21.95,,2.87,25.86,0.76
2019-08-10 00:00:00,19.44,,3.13,29.33,0.71
2019-08-11 00:00:00,15.99,,2.54,26.66,0.74
2019-08-12 00:00:00,22.21,,3.62,30.03,0.82
2019-08-13 00:00:00,19.93,,3.55,29.93,0.77
2019-08-14 00:00:00,21.34,,3.74,29.15,0.85
2019-08-15 00:00:00,16.83,,2.58,24.76,0.76
2019-08-16 00:00:00,19.49,,3.17,27.52,0.82
2019-08-17 00:00:00,18.69,,3.71,29.52,0.94
2019-08-18 00:00:00,21.83,,5.56,27.26,0.91
2019-08-19 00:00:00,21.25,,2.76,39.62,0.67
2019-08-20 00:00:00,18.77,,2.55,41.74,0.82
2019-08-21 00:00:00,20.78,,2.43,38.36,0.75
2019-08-22 00:00:00,21.07,,2.27,37.41,0.73
2019-08-23 00:00:00,20.67,,2.21,34.56,0.63
2019-08-24 00:00:00,18.35,,2.18,32.22,0.74
2019-08-25 00:00:00,15.37,,2.14,30.56,0.66
2019-08-26 00:00:00,17.83,,2.23,28.4,1.14
2019-08-27 00:00:00,21.17,,2.17,31.94,0.73
2019-08-28 00:00:00,24.02,,2.2,32.32,0.63
2019-08-29 00:00:00,23.75,,2.31,33.6,0.66
2019-08-30 00:00:00,27.95,,3.02,30.91,0.83
2019-08-31 00:00:00,35.59,,2.94,28.8,1.05
2019-09-01 00:00:00,30.26,,2.83,27.69,1.13
2019-09-02 00:00:00,22.4,,2.47,24.89,1.02
2019-09-03 00:00:00,17.85,,2.73,26.82,1.13
2019-09-04 00:00:00,27.29,,5.22,32.57,1.0
2019-09-05 00:00:00,26.23,,2.84,24.46,1.23
2019-09-06 00:00:00,15.65,,2.96,26.02,1.08
2019-09-07 00:00:00,13.27,,2.7,26.56,1.3
2019-09-08 00:00:00,,,,,
2019-09-09 00:00:00,11.73,,2.14,23.15,0.88
2019-09-10 00:00:00,25.67,,5.69,31.33,0.93
2019-09-11 00:00:00,,,,,0.0
2019-09-12 00:00:00,,,,,
2019-09-13 00:00:00,,,,,
2019-09-14 00:00:00,,,,,
2019-09-15 00:00:00,,,,,
2019-09-16 00:00:00,35.4,,3.22,26.92,1.45
2019-09-17 00:00:00,17.12,,3.96,31.18,1.33
2019-09-18 00:00:00,19.07,,3.03,29.81,1.15
2019-09-19 00:00:00,20.61,,3.3,28.57,1.21
2019-09-20 00:00:00,16.52,,3.02,29.83,1.04
2019-09-21 00:00:00,29.22,,3.01,31.28,1.43
2019-09-22 00:00:00,16.62,,5.7,30.72,1.31
2019-09-23 00:00:00,22.24,,7.47,32.51,1.41
2019-09-24 00:00:00,22.58,,3.6,30.5,1.56
2019-09-25 00:00:00,13.84,,2.88,29.01,1.15
2019-09-26 00:00:00,16.59,,2.99,29.71,1.33
2019-09-27 00:00:00,20.88,,3.87,32.51,1.38
2019-09-28 00:00:00,20.89,,2.98,30.65,1.24
2019-09-29 00:00:00,24.0,,2.9,31.92,1.29
2019-09-30 00:00:00,21.17,,2.97,31.84,1.41
2019-10-01 00:00:00,21.6,,3.14,34.09,1.03
2019-10-02 00:00:00,15.24,,3.98,35.85,0.87
2019-10-03 00:00:00,24.37,,3.37,37.84,1.43
2019-10-04 00:00:00,24.55,,4.49,39.26,1.15
2019-10-05 00:00:00,31.15,,4.99,43.8,1.51
2019-10-06 00:00:00,20.13,,2.53,29.8,1.01
2019-10-07 00:00:00,21.82,,2.59,28.06,1.36
2019-10-08 00:00:00,26.65,,2.53,25.13,0.88
2019-10-09 00:00:00,31.65,,4.05,35.49,1.16
2019-10-10 00:00:00,188.81,,6.43,40.67,1.27
2019-10-11 00:00:00,32.46,,8.32,43.09,1.15
2019-10-12 00:00:00,27.26,,4.67,33.38,0.81
2019-10-13 00:00:00,18.93,,3.35,27.46,0.49
2019-10-14 00:00:00,19.56,,8.59,36.36,0.76
2019-10-15 00:00:00,20.83,,5.37,28.64,0.69
2019-10-16 00:00:00,18.37,,3.23,25.0,0.85
2019-10-17 00:00:00,16.37,,4.73,28.56,1.06
2019-10-18 00:00:00,17.99,,3.2,26.73,1.09
2019-10-19 00:00:00,15.09,,3.17,25.7,0.75
2019-10-20 00:00:00,17.62,,2.98,26.04,0.91
2019-10-21 00:00:00,39.99,,4.33,28.96,1.1
2019-10-22 00:00:00,17.36,,3.13,24.41,0.89
2019-10-23 00:00:00,14.28,,3.1,27.39,0.95
2019-10-24 00:00:00,13.79,,2.95,25.4,0.49
2019-10-25 00:00:00,16.51,,2.89,28.9,0.7
2019-10-26 00:00:00,15.91,,2.87,26.71,0.82
2019-10-27 00:00:00,22.81,,3.58,26.36,1.26
2019-10-28 00:00:00,27.19,,3.62,22.55,1.32
2019-10-29 00:00:00,23.23,,2.86,19.37,1.28
2019-10-30 00:00:00,18.05,,3.23,20.7,1.34
2019-10-31 00:00:00,16.96,,3.34,23.3,1.17
2019-11-01 00:00:00,20.77,,2.72,26.21,1.02
2019-11-02 00:00:00,22.36,,5.1,30.79,1.46
2019-11-03 00:00:00,21.22,,2.73,27.32,1.09
2019-11-04 00:00:00,30.72,,6.89,43.45,1.49
2019-11-05 00:00:00,37.41,,6.3,48.53,1.65
2019-11-06 00:00:00,39.25,,2.87,40.13,1.47
2019-11-07 00:00:00,46.31,,3.16,40.36,1.54
2019-11-08 00:00:00,35.95,,3.16,33.7,1.43
2019-11-09 00:00:00,29.76,,2.84,30.5,1.24
2019-11-10 00:00:00,33.37,,2.92,26.46,1.25
2019-11-11 00:00:00,40.1,,3.12,31.38,1.33
2019-11-12 00:00:00,26.04,,2.77,29.8,1.15
2019-11-13 00:00:00,28.65,,2.65,31.36,1.11
2019-11-14 00:00:00,23.16,,2.75,31.25,1.07
2019-11-15 00:00:00,22.15,,4.21,32.03,1.28
2019-11-16 00:00:00,22.13,,3.2,28.92,1.29
2019-11-17 00:00:00,24.01,,2.71,25.09,0.99
2019-11-18 00:00:00,26.5,,3.18,28.08,1.27
2019-11-19 00:00:00,23.31,,3.29,27.81,1.17
2019-11-20 00:00:00,22.05,,3.43,26.39,1.18
2019-11-21 00:00:00,33.42,,4.21,31.05,1.29
2019-11-22 00:00:00,31.99,,3.11,27.21,1.14
2019-11-23 00:00:00,24.85,,2.85,31.47,1.11
2019-11-24 00:00:00,11.93,,2.63,28.89,1.16
2019-11-25 00:00:00,11.95,,2.72,30.19,1.17
2019-11-26 00:00:00,12.04,,2.8,29.92,1.06
2019-11-27 00:00:00,21.31,,3.42,32.55,1.23
2019-11-28 00:00:00,20.97,,3.04,35.43,1.19
2019-11-29 00:00:00,25.14,,3.0,33.15,1.1
2019-11-30 00:00:00,29.21,,3.36,30.12,1.12
2019-12-01 00:00:00,18.97,,2.81,24.47,1.13
2019-12-02 00:00:00,20.05,,3.1,25.13,1.07
2019-12-03 00:00:00,31.52,,3.02,27.92,1.1
2019-12-04 00:00:00,41.7,,2.7,27.8,1.01
2019-12-05 00:00:00,53.01,,2.6,30.66,1.03
2019-12-06 00:00:00,57.82,,2.5,31.66,1.15
2019-12-07 00:00:00,47.23,,2.72,34.14,1.26
2019-12-08 00:00:00,31.06,,2.64,30.32,1.14
2019-12-09 00:00:00,30.58,,2.87,32.29,1.2
2019-12-10 00:00:00,27.63,,2.57,31.47,1.03
2019-12-11 00:00:00,33.11,,3.19,38.32,1.16
2019-12-12 00:00:00,32.44,,2.41,35.37,1.13
2019-12-13 00:00:00,37.28,,2.53,33.91,1.12
2019-12-14 00:00:00,30.59,,2.57,29.77,1.1
2019-12-15 00:00:00,25.04,,2.43,28.62,0.98
2019-12-16 00:00:00,30.11,,3.13,31.36,1.07
2019-12-17 00:00:00,30.34,,2.73,30.95,0.97
2019-12-18 00:00:00,45.78,,3.1,33.28,1.16
2019-12-19 00:00:00,38.29,,3.08,32.59,1.21
2019-12-20 00:00:00,45.35,,3.23,37.24,1.2
2019-12-21 00:00:00,49.85,,2.5,31.53,1.18
2019-12-22 00:00:00,47.31,,2.36,28.95,0.98
2019-12-23 00:00:00,49.37,,2.87,33.48,1.12
2019-12-24 00:00:00,41.83,,2.69,33.08,1.2
2019-12-25 00:00:00,39.51,,2.74,31.27,1.3
2019-12-26 00:00:00,47.15,,2.92,31.89,1.26
2019-12-27 00:00:00,46.45,,2.97,32.76,1.16
2019-12-28 00:00:00,41.57,,2.56,30.1,0.96
2019-12-29 00:00:00,38.95,,2.33,29.3,0.99
2019-12-30 00:00:00,41.95,,2.34,31.99,1.16
2019-12-31 00:00:00,50.12,,2.69,34.06,1.27
